Date,HomeTeam,AwayTeam,outcome_by_HOME,AVERAGE_ODD_WIN,AVERAGE_ODD_DRAW,AVERAGE_ODD_OPPONENT_WIN
8/8/15,Bournemouth,Aston Villa,A,1.91,3.5,4
8/8/15,Chelsea,Swansea,D,1.4,4,10
8/8/15,Everton,Watford,D,1.73,3.5,5
8/8/15,Leicester,Sunderland,H,2,3.1,2.7
8/8/15,Man United,Tottenham,H,1.62,3.6,6
8/8/15,Norwich,Crystal Palace,A,2.6,3.1,2.88
9/8/15,Arsenal,West Ham,A,1.3,5,11
9/8/15,Newcastle,Southampton,D,2.7,3.1,2.7
9/8/15,Stoke,Liverpool,A,3.3,3.1,2.3
10/8/15,West Brom,Man City,A,5.5,3.5,1.7
14/08/15,Aston Villa,Man United,A,5.5,3.6,1.75
15/08/15,Southampton,Everton,A,2,3.25,4
15/08/15,Sunderland,Norwich,A,2.5,3,3
15/08/15,Swansea,Newcastle,H,1.95,3.2,4.33
15/08/15,Tottenham,Stoke,D,1.8,3.3,5
15/08/15,Watford,West Brom,D,2.3,3.2,3.2
15/08/15,West Ham,Leicester,A,2.3,3.2,3.2
16/08/15,Crystal Palace,Arsenal,A,5,3.5,1.75
16/08/15,Man City,Chelsea,H,2.15,3.2,3.6
17/08/15,Liverpool,Bournemouth,H,1.5,4.2,6.5
22/08/15,Crystal Palace,Aston Villa,H,1.85,3.4,4.5
22/08/15,Leicester,Tottenham,D,2.7,3.1,2.7
22/08/15,Man United,Newcastle,D,1.36,5,8
22/08/15,Norwich,Stoke,D,2.3,3.2,3.1
22/08/15,Sunderland,Swansea,D,3.75,3.2,2.1
22/08/15,West Ham,Bournemouth,A,2.4,3.1,3.1
23/08/15,Everton,Man City,A,5,3.5,1.75
23/08/15,Watford,Southampton,D,2.7,3.1,2.7
23/08/15,West Brom,Chelsea,A,6,3.4,1.67
24/08/15,Arsenal,Liverpool,D,1.73,3.5,5
29/08/15,Aston Villa,Sunderland,D,1.91,3.2,4.5
29/08/15,Bournemouth,Leicester,D,2.2,3.2,3.4
29/08/15,Chelsea,Crystal Palace,A,1.36,4.5,9.5
29/08/15,Liverpool,West Ham,A,1.36,4.5,9.5
29/08/15,Man City,Watford,H,1.22,6,13
29/08/15,Newcastle,Arsenal,A,6,3.6,1.62
29/08/15,Stoke,West Brom,A,1.95,3.25,4.2
29/08/15,Tottenham,Everton,D,2,3.25,4
30/08/15,Southampton,Norwich,H,2.05,3.25,3.8
30/08/15,Swansea,Man United,H,3.5,3,2.25
12/9/15,Arsenal,Stoke,H,1.3,5,11
12/9/15,Crystal Palace,Man City,A,5.5,3.8,1.62
12/9/15,Everton,Chelsea,H,4,3.1,2.05
12/9/15,Man United,Liverpool,H,1.95,3.4,4.5
12/9/15,Norwich,Bournemouth,H,2.4,3.1,3.1
12/9/15,Watford,Swansea,H,2.75,3,2.75
12/9/15,West Brom,Southampton,D,3.1,3,2.5
13/09/15,Leicester,Aston Villa,H,1.91,3.3,4.33
13/09/15,Sunderland,Tottenham,A,4.2,3.25,1.95
14/09/15,West Ham,Newcastle,H,2.25,3.1,3.4
19/09/15,Aston Villa,West Brom,A,2.3,3.2,3.2
19/09/15,Bournemouth,Sunderland,H,1.73,3.6,5
19/09/15,Chelsea,Arsenal,H,2.4,3.1,3.1
19/09/15,Man City,West Ham,A,1.29,5,12
19/09/15,Newcastle,Watford,A,2.5,3.2,2.9
19/09/15,Stoke,Leicester,D,2.5,3,3
19/09/15,Swansea,Everton,D,2.3,3.2,3.2
20/09/15,Liverpool,Norwich,D,1.67,3.6,5.5
20/09/15,Southampton,Man United,A,3,3,2.5
20/09/15,Tottenham,Crystal Palace,H,1.95,3.5,3.8
26/09/15,Leicester,Arsenal,A,4,3.75,1.85
26/09/15,Liverpool,Aston Villa,H,1.53,3.8,7
26/09/15,Man United,Sunderland,H,1.22,6,13
26/09/15,Newcastle,Chelsea,D,6,3.6,1.62
26/09/15,Southampton,Swansea,H,2.05,3.1,4
26/09/15,Stoke,Bournemouth,H,2.5,3.1,3
26/09/15,Tottenham,Man City,H,4,3.4,1.95
26/09/15,West Ham,Norwich,D,2.3,3.2,3.2
27/09/15,Watford,Crystal Palace,A,2.5,3.1,3
28/09/15,West Brom,Everton,A,3.1,3,2.5
3/10/15,Aston Villa,Stoke,A,2.5,3.2,2.9
3/10/15,Bournemouth,Watford,D,2.15,3,3.75
3/10/15,Chelsea,Southampton,A,1.83,3.2,4.8
3/10/15,Crystal Palace,West Brom,H,1.85,3.1,5
3/10/15,Man City,Newcastle,H,1.25,6,13
3/10/15,Norwich,Leicester,A,2.25,3.4,3.1
3/10/15,Sunderland,West Ham,D,2.9,3.4,2.38
4/10/15,Arsenal,Man United,H,1.95,3.6,3.75
4/10/15,Everton,Liverpool,D,2.75,2.8,2.9
4/10/15,Swansea,Tottenham,D,2.62,3.25,2.7
17/10/15,Chelsea,Aston Villa,H,1.36,4.8,8.5
17/10/15,Crystal Palace,West Ham,A,2.05,3.3,3.75
17/10/15,Everton,Man United,A,3.2,3,2.4
17/10/15,Man City,Bournemouth,H,1.36,4.8,8.5
17/10/15,Southampton,Leicester,D,1.8,3.25,5
17/10/15,Tottenham,Liverpool,D,2.5,3.3,3
17/10/15,Watford,Arsenal,A,6,3.6,1.62
17/10/15,West Brom,Sunderland,H,2.1,3,4
18/10/15,Newcastle,Norwich,H,2.62,3.1,2.8
19/10/15,Swansea,Stoke,A,2.05,3.1,4
24/10/15,Arsenal,Everton,H,1.44,4,8
24/10/15,Aston Villa,Swansea,A,3,2.9,2.62
24/10/15,Leicester,Crystal Palace,H,2.3,2.9,3.5
24/10/15,Norwich,West Brom,A,2.05,3.1,4
24/10/15,Stoke,Watford,A,2.15,3.1,3.6
24/10/15,West Ham,Chelsea,H,4,3.2,2
25/10/15,Bournemouth,Tottenham,A,3.5,3,2.25
25/10/15,Liverpool,Southampton,D,2.1,3.3,3.9
25/10/15,Man United,Man City,D,2.7,3.2,2.88
25/10/15,Sunderland,Newcastle,H,2.62,3.1,3
31/10/15,Chelsea,Liverpool,A,2.1,3.2,3.75
31/10/15,Crystal Palace,Man United,D,4,3,2.1
31/10/15,Man City,Norwich,H,1.29,5,12
31/10/15,Newcastle,Stoke,D,2.4,3.1,3.1
31/10/15,Swansea,Arsenal,A,5,3.5,1.75
31/10/15,Watford,West Ham,H,2.62,3.1,2.8
31/10/15,West Brom,Leicester,A,2.9,3,2.62
1/11/15,Everton,Sunderland,H,1.53,3.8,7
1/11/15,Southampton,Bournemouth,H,1.57,3.8,6
2/11/15,Tottenham,Aston Villa,H,1.44,4.2,8
7/11/15,Bournemouth,Newcastle,A,2.25,3.1,3.4
7/11/15,Leicester,Watford,H,1.83,3.2,4.33
7/11/15,Man United,West Brom,H,1.36,4,12
7/11/15,Norwich,Swansea,H,2.5,3.1,2.9
7/11/15,Stoke,Chelsea,H,3.75,3.1,2.1
7/11/15,Sunderland,Southampton,A,5,3.2,1.8
7/11/15,West Ham,Everton,D,2.62,3.1,2.8
8/11/15,Arsenal,Tottenham,D,1.75,3.4,5
8/11/15,Aston Villa,Man City,D,8,4,1.44
8/11/15,Liverpool,Crystal Palace,A,1.7,3.2,6
21/11/15,Chelsea,Norwich,H,1.4,4.5,8
21/11/15,Everton,Aston Villa,H,1.57,3.8,6
21/11/15,Man City,Liverpool,A,1.7,3.5,5.5
21/11/15,Newcastle,Leicester,A,2.75,3.25,2.6
21/11/15,Southampton,Stoke,A,1.62,3.5,6.5
21/11/15,Swansea,Bournemouth,D,1.95,3.1,4.5
21/11/15,Watford,Man United,A,4,3.1,2.05
21/11/15,West Brom,Arsenal,H,6.5,4,1.53
22/11/15,Tottenham,West Ham,H,1.6,3.75,6
23/11/15,Crystal Palace,Sunderland,A,1.6,3.4,7
28/11/15,Aston Villa,Watford,A,2.7,3.1,2.7
28/11/15,Bournemouth,Everton,D,2.9,3.2,2.5
28/11/15,Crystal Palace,Newcastle,H,1.73,3.5,5
28/11/15,Leicester,Man United,D,3.1,3.1,2.4
28/11/15,Man City,Southampton,H,1.57,3.8,6
28/11/15,Sunderland,Stoke,H,3.1,3.1,2.4
29/11/15,Liverpool,Swansea,H,1.5,4,7
29/11/15,Norwich,Arsenal,D,5.5,4,1.57
29/11/15,Tottenham,Chelsea,D,2.5,3.2,2.9
29/11/15,West Ham,West Brom,D,2.05,3.3,3.75
5/12/15,Arsenal,Sunderland,H,1.29,5,12
5/12/15,Chelsea,Bournemouth,A,1.36,4.5,9
5/12/15,Man United,West Ham,D,1.44,3.8,9
5/12/15,Southampton,Aston Villa,D,1.53,3.6,7.5
5/12/15,Stoke,Man City,H,5.5,3.4,1.7
5/12/15,Swansea,Leicester,A,2.8,3.1,2.62
5/12/15,Watford,Norwich,H,2.15,3.1,3.6
5/12/15,West Brom,Tottenham,D,4.5,3.1,1.91
6/12/15,Newcastle,Liverpool,H,5.5,3.75,1.62
7/12/15,Everton,Crystal Palace,D,2,3.3,3.75
12/12/15,Bournemouth,Man United,H,3.2,3.2,2.3
12/12/15,Crystal Palace,Southampton,H,2.5,3.1,3
12/12/15,Man City,Swansea,H,1.33,4.8,10
12/12/15,Norwich,Everton,D,2.9,3.2,2.5
12/12/15,Sunderland,Watford,A,2.75,3,2.75
12/12/15,West Ham,Stoke,D,2.62,3.1,2.8
13/12/15,Aston Villa,Arsenal,A,6.5,3.75,1.57
13/12/15,Liverpool,West Brom,D,1.4,4.33,9
13/12/15,Tottenham,Newcastle,A,1.4,4.33,9
14/12/15,Leicester,Chelsea,H,3.2,3.2,2.3
19/12/15,Chelsea,Sunderland,H,1.3,5,11
19/12/15,Everton,Leicester,A,2.1,3.3,3.5
19/12/15,Man United,Norwich,A,1.44,4.2,8
19/12/15,Newcastle,Aston Villa,D,2,3.2,4
19/12/15,Southampton,Tottenham,A,2.7,3.1,2.7
19/12/15,Stoke,Crystal Palace,A,2.4,3.1,3.1
19/12/15,West Brom,Bournemouth,A,2.6,3.1,2.8
20/12/15,Swansea,West Ham,D,2.15,3.25,3.5
20/12/15,Watford,Liverpool,H,4,3.2,2
21/12/15,Arsenal,Man City,H,2.4,3.1,3.1
26/12/15,Aston Villa,West Ham,D,2.7,3.1,2.7
26/12/15,Bournemouth,Crystal Palace,D,2.5,3.2,2.9
26/12/15,Chelsea,Watford,D,1.44,4.2,8
26/12/15,Liverpool,Leicester,H,1.95,3.5,3.8
26/12/15,Man City,Sunderland,H,1.22,6,13
26/12/15,Newcastle,Everton,A,3.25,3.3,2.25
26/12/15,Southampton,Arsenal,H,3.6,3.3,2.1
26/12/15,Stoke,Man United,H,3.1,3.1,2.4
26/12/15,Swansea,West Brom,H,2.05,3.1,4
26/12/15,Tottenham,Norwich,H,1.44,4.2,8
28/12/15,Arsenal,Bournemouth,H,1.36,4.8,8.5
28/12/15,Crystal Palace,Swansea,D,1.91,3.5,4
28/12/15,Everton,Stoke,A,1.95,3.5,3.8
28/12/15,Man United,Chelsea,D,2.62,3.1,3
28/12/15,Norwich,Aston Villa,H,2.05,3.4,3.6
28/12/15,Watford,Tottenham,A,3.5,3.25,2.15
28/12/15,West Brom,Newcastle,H,2.25,3.2,3.3
28/12/15,West Ham,Southampton,H,3.4,3.2,2.2
29/12/15,Leicester,Man City,D,3.75,3.75,1.91
30/12/15,Sunderland,Liverpool,A,4.75,3.6,1.75
2/1/16,Arsenal,Newcastle,H,1.3,5,11
2/1/16,Leicester,Bournemouth,D,1.95,3.4,4
2/1/16,Man United,Swansea,H,1.57,3.6,7
2/1/16,Norwich,Southampton,H,3.1,3.2,2.38
2/1/16,Sunderland,Aston Villa,H,2.4,3.1,3.1
2/1/16,Watford,Man City,A,5,3.6,1.73
2/1/16,West Brom,Stoke,H,2.8,3.1,2.62
2/1/16,West Ham,Liverpool,H,3.8,3.4,2
3/1/16,Crystal Palace,Chelsea,A,3.75,3.2,2.1
3/1/16,Everton,Tottenham,D,2.7,3.1,2.7
12/1/16,Aston Villa,Crystal Palace,H,3.1,3,2.5
12/1/16,Bournemouth,West Ham,A,2,3.4,3.8
12/1/16,Newcastle,Man United,D,5,3.3,1.8
13/01/16,Chelsea,West Brom,D,1.44,4.2,8
13/01/16,Liverpool,Arsenal,D,2.9,3.2,2.5
13/01/16,Man City,Everton,D,1.53,4,6.5
13/01/16,Southampton,Watford,H,2,3.2,4
13/01/16,Stoke,Norwich,H,2.05,3.1,4
13/01/16,Swansea,Sunderland,A,1.8,3.4,4.8
13/01/16,Tottenham,Leicester,A,1.8,3.5,4.5
16/01/16,Aston Villa,Leicester,D,3.4,3.1,2.25
16/01/16,Bournemouth,Norwich,H,1.95,3.1,4.33
16/01/16,Chelsea,Everton,D,1.75,3.5,4.8
16/01/16,Man City,Crystal Palace,H,1.4,4.2,9
16/01/16,Newcastle,West Ham,H,2.62,3.1,2.75
16/01/16,Southampton,West Brom,H,1.75,3.25,5.5
16/01/16,Tottenham,Sunderland,H,1.4,4,10
17/01/16,Liverpool,Man United,A,2.4,3.1,3.1
17/01/16,Stoke,Arsenal,D,4.33,3.1,1.95
18/01/16,Swansea,Watford,H,2.5,3.1,2.9
23/01/16,Crystal Palace,Tottenham,A,3.3,3.3,2.2
23/01/16,Leicester,Stoke,H,2.05,3.25,3.8
23/01/16,Man United,Southampton,A,1.91,3.2,4.5
23/01/16,Norwich,Liverpool,A,4.33,3.25,1.91
23/01/16,Sunderland,Bournemouth,D,3,3,2.5
23/01/16,Watford,Newcastle,H,2.1,3.2,3.75
23/01/16,West Brom,Aston Villa,D,2.1,3,4
23/01/16,West Ham,Man City,D,5,3.6,1.73
24/01/16,Arsenal,Chelsea,A,2.1,3.2,3.75
24/01/16,Everton,Swansea,A,1.67,3.6,5.5
2/2/16,Arsenal,Southampton,D,1.8,3.2,5
2/2/16,Crystal Palace,Bournemouth,A,2.5,3.1,3
2/2/16,Leicester,Liverpool,H,2.62,3.1,2.8
2/2/16,Man United,Stoke,H,1.67,3.5,6
2/2/16,Norwich,Tottenham,A,4.5,3.4,1.83
2/2/16,Sunderland,Man City,A,7,4,1.5
2/2/16,West Brom,Swansea,D,2.62,3,2.9
2/2/16,West Ham,Aston Villa,H,1.91,3.2,4.33
3/2/16,Everton,Newcastle,H,1.67,3.8,5
3/2/16,Watford,Chelsea,D,4,3.25,2
6/2/16,Aston Villa,Norwich,H,2.4,3.1,3.1
6/2/16,Liverpool,Sunderland,D,1.44,4.2,8
6/2/16,Man City,Leicester,A,1.62,3.6,6
6/2/16,Newcastle,West Brom,H,2.2,3.3,3.3
6/2/16,Southampton,West Ham,H,1.75,3.5,5
6/2/16,Stoke,Everton,A,2.62,3.1,2.8
6/2/16,Swansea,Crystal Palace,D,2.25,3.1,3.4
6/2/16,Tottenham,Watford,H,1.5,4,7
7/2/16,Bournemouth,Arsenal,A,4,3.2,2
7/2/16,Chelsea,Man United,D,2.1,3.1,3.8
13/02/16,Bournemouth,Stoke,A,2.05,3.1,4
13/02/16,Chelsea,Newcastle,H,1.44,4.2,8
13/02/16,Crystal Palace,Watford,A,2.3,3.1,3.3
13/02/16,Everton,West Brom,A,1.53,3.75,7
13/02/16,Norwich,West Ham,D,2.5,3.2,2.9
13/02/16,Sunderland,Man United,H,5,3.3,1.8
13/02/16,Swansea,Southampton,A,3,3.1,2.5
14/02/16,Arsenal,Leicester,H,1.75,3.8,4.5
14/02/16,Aston Villa,Liverpool,A,4.5,3.4,1.85
14/02/16,Man City,Tottenham,A,2.1,3.3,3.6
27/02/16,Leicester,Norwich,H,1.5,4.2,6.5
27/02/16,Southampton,Chelsea,A,2.75,3.2,2.62
27/02/16,Stoke,Aston Villa,H,1.67,3.4,6
27/02/16,Watford,Bournemouth,D,2.38,3.25,3
27/02/16,West Brom,Crystal Palace,H,2.6,3,2.9
27/02/16,West Ham,Sunderland,H,1.83,3.6,4.2
28/02/16,Tottenham,Swansea,H,1.44,4.2,7.5
28/02/16,Man United,Arsenal,H,3.3,3.2,2.25
1/3/16,Aston Villa,Everton,A,4.5,3.4,1.85
1/3/16,Bournemouth,Southampton,H,2.88,3.1,2.62
1/3/16,Leicester,West Brom,D,1.7,3.5,5.5
1/3/16,Norwich,Chelsea,A,5.5,3.6,1.67
1/3/16,Sunderland,Crystal Palace,D,2.5,3.1,3
2/3/16,Arsenal,Swansea,A,1.36,4.8,8.5
2/3/16,Liverpool,Man City,H,2.62,3.2,2.8
2/3/16,Man United,Watford,H,1.67,3.4,6
2/3/16,Stoke,Newcastle,H,1.95,3.4,4
2/3/16,West Ham,Tottenham,H,4,3.2,2
5/3/16,Chelsea,Stoke,D,1.53,3.75,7
5/3/16,Everton,West Ham,A,1.75,3.5,5
5/3/16,Man City,Aston Villa,H,1.22,5.5,17
5/3/16,Newcastle,Bournemouth,A,2.62,3.1,2.8
5/3/16,Southampton,Sunderland,D,1.62,3.6,6
5/3/16,Swansea,Norwich,H,2.05,3.1,4
5/3/16,Tottenham,Arsenal,D,2.4,3.1,3.1
5/3/16,Watford,Leicester,A,2.8,3.1,2.62
6/3/16,Crystal Palace,Liverpool,A,3.75,3.1,2.15
6/3/16,West Brom,Man United,H,4,3.2,2
12/3/16,Bournemouth,Swansea,H,2,3.2,4
12/3/16,Norwich,Man City,D,6,3.6,1.62
12/3/16,Stoke,Southampton,A,2.7,3.1,2.7
13/03/16,Aston Villa,Tottenham,A,7,4,1.5
14/03/16,Leicester,Newcastle,H,1.62,3.6,6
19/03/16,Chelsea,West Ham,D,1.73,3.6,5
19/03/16,Crystal Palace,Leicester,A,3,3.1,2.5
19/03/16,Everton,Arsenal,A,2.5,3.6,2.6
19/03/16,Swansea,Aston Villa,H,1.67,3.4,6
19/03/16,Watford,Stoke,A,2.5,3,3.1
19/03/16,West Brom,Norwich,A,2.25,3.2,3.3
20/03/16,Man City,Man United,A,1.85,3.4,4.5
20/03/16,Newcastle,Sunderland,D,2.2,3.1,3.5
20/03/16,Southampton,Liverpool,H,2.75,3,2.75
20/03/16,Tottenham,Bournemouth,H,1.57,3.75,6.5
2/4/16,Arsenal,Watford,H,1.36,4.8,8.5
2/4/16,Aston Villa,Chelsea,A,6.5,3.75,1.57
2/4/16,Bournemouth,Man City,A,3.75,3.3,2.05
2/4/16,Liverpool,Tottenham,D,2.6,3,2.9
2/4/16,Norwich,Newcastle,H,2.25,3.25,3.2
2/4/16,Stoke,Swansea,D,2.2,3.3,3.3
2/4/16,Sunderland,West Brom,D,2.05,3.1,4
2/4/16,West Ham,Crystal Palace,D,2,3.2,4
3/4/16,Leicester,Southampton,H,2.3,3.2,3.2
3/4/16,Man United,Everton,H,2.1,3.1,3.8
9/4/16,Aston Villa,Bournemouth,A,3.5,3.25,2.15
9/4/16,Crystal Palace,Norwich,H,2,3.4,3.8
9/4/16,Man City,West Brom,H,1.33,4.8,10
9/4/16,Southampton,Newcastle,H,1.57,3.75,6.5
9/4/16,Swansea,Chelsea,H,3.8,3.3,2
9/4/16,Watford,Everton,D,3.5,3.25,2.15
9/4/16,West Ham,Arsenal,D,3.5,3.6,2
10/4/16,Liverpool,Stoke,H,1.6,3.75,6
10/4/16,Sunderland,Leicester,A,3.5,3.25,2.15
10/4/16,Tottenham,Man United,H,1.95,3.5,3.8
13/04/16,Crystal Palace,Everton,D,2.8,3.1,2.6
16/04/16,Chelsea,Man City,A,2.7,3.1,2.7
16/04/16,Everton,Southampton,D,2.7,3.1,2.7
16/04/16,Man United,Aston Villa,H,1.25,5.5,13
16/04/16,Newcastle,Swansea,H,2.3,3.2,3.2
16/04/16,Norwich,Sunderland,A,2.4,3.1,3.1
16/04/16,West Brom,Watford,A,2.4,3.1,3.1
17/04/16,Arsenal,Crystal Palace,D,1.35,4.8,9
17/04/16,Bournemouth,Liverpool,A,3.5,3.25,2.15
17/04/16,Leicester,West Ham,D,1.91,3.3,4.2
18/04/16,Stoke,Tottenham,A,4.5,3.4,1.85
19/04/16,Newcastle,Man City,D,6,3.8,1.57
20/04/16,Liverpool,Everton,H,1.7,3.6,5
20/04/16,Man United,Crystal Palace,H,1.53,3.8,7
20/04/16,West Ham,Watford,H,1.53,4,6.5
21/04/16,Arsenal,West Brom,H,1.29,5,12
23/04/16,Aston Villa,Southampton,A,7,3.6,1.57
23/04/16,Bournemouth,Chelsea,A,3.1,3.1,2.4
23/04/16,Liverpool,Newcastle,D,1.6,4,5.5
23/04/16,Man City,Stoke,H,1.33,5,9
24/04/16,Leicester,Swansea,H,1.75,3.5,5
24/04/16,Sunderland,Arsenal,D,4.5,3.5,1.8
25/04/16,Tottenham,West Brom,D,1.25,5.5,13
30/04/16,Arsenal,Norwich,H,1.29,5,12
30/04/16,Everton,Bournemouth,H,2.05,3.1,4
30/04/16,Newcastle,Crystal Palace,H,2.05,3.1,4
30/04/16,Stoke,Sunderland,D,2.62,3.1,2.8
30/04/16,Watford,Aston Villa,H,1.7,3.5,5.5
30/04/16,West Brom,West Ham,A,3.7,3.2,2.1
1/5/16,Man United,Leicester,D,2.15,3.1,3.6
1/5/16,Southampton,Man City,H,2.75,3.1,2.7
1/5/16,Swansea,Liverpool,H,3.1,3.1,2.4
2/5/16,Chelsea,Tottenham,D,2.75,3.1,2.7
7/5/16,Aston Villa,Newcastle,D,6,3.6,1.62
7/5/16,Bournemouth,West Brom,D,1.91,3.2,4.33
7/5/16,Crystal Palace,Stoke,H,2.1,3.25,3.6
7/5/16,Leicester,Everton,H,1.91,3.2,4.33
7/5/16,Norwich,Man United,A,4.5,3.1,1.91
7/5/16,Sunderland,Chelsea,H,3,3.2,2.38
7/5/16,West Ham,Swansea,A,1.44,4.33,7
8/5/16,Liverpool,Watford,H,1.5,4,7
8/5/16,Man City,Arsenal,D,2.5,3.1,2.9
8/5/16,Tottenham,Southampton,A,1.91,3.4,4
10/5/16,West Ham,Man United,H,3,3.25,2.4
11/5/16,Liverpool,Chelsea,D,1.95,3.5,3.75
11/5/16,Norwich,Watford,H,1.8,3.3,5
11/5/16,Sunderland,Everton,H,1.73,3.5,5
15/05/16,Arsenal,Aston Villa,H,1.14,7.5,19
15/05/16,Chelsea,Leicester,D,2.3,3.3,3.1
15/05/16,Everton,Norwich,H,1.75,3.75,4.5
15/05/16,Newcastle,Tottenham,H,4.5,3.4,1.83
15/05/16,Southampton,Crystal Palace,H,1.36,4.8,8
15/05/16,Stoke,West Ham,H,3.5,3.1,2.2
15/05/16,Swansea,Man City,D,5.5,4.33,1.53
15/05/16,Watford,Sunderland,D,1.95,3.75,3.6
15/05/16,West Brom,Liverpool,D,2.4,3.1,3.1
17/05/16,Man United,Bournemouth,H,1.67,4,4.75
13/08/16,Burnley,Swansea,A,2.5,3.2,2.9
13/08/16,Crystal Palace,West Brom,A,2.05,3.1,4
13/08/16,Everton,Tottenham,D,3.1,3.1,2.4
13/08/16,Hull,Leicester,H,4.2,3.25,1.95
13/08/16,Man City,Sunderland,H,1.25,5.5,13
13/08/16,Middlesbrough,Stoke,D,2.4,3.1,3.1
13/08/16,Southampton,Watford,D,1.83,3.4,4.5
14/08/16,Arsenal,Liverpool,A,2.5,3.1,3
14/08/16,Bournemouth,Man United,A,4.5,3.4,1.85
15/08/16,Chelsea,West Ham,H,1.67,3.6,5.5
19/08/16,Man United,Southampton,H,1.44,4.33,7.5
20/08/16,Burnley,Liverpool,H,7,3.5,1.57
20/08/16,Leicester,Arsenal,D,2.88,3.2,2.5
20/08/16,Stoke,Man City,A,5,3.5,1.73
20/08/16,Swansea,Hull,A,1.83,3.2,4.8
20/08/16,Tottenham,Crystal Palace,H,1.5,3.6,8.5
20/08/16,Watford,Chelsea,A,5.5,3.3,1.73
20/08/16,West Brom,Everton,A,2.7,3.2,2.62
21/08/16,Sunderland,Middlesbrough,A,2.6,3.2,2.75
21/08/16,West Ham,Bournemouth,H,1.91,3.2,4.33
27/08/16,Chelsea,Burnley,H,1.29,5,12
27/08/16,Crystal Palace,Bournemouth,D,2.38,3.2,3.1
27/08/16,Everton,Stoke,H,1.75,3.6,4.75
27/08/16,Hull,Man United,A,7,4,1.5
27/08/16,Leicester,Swansea,H,1.73,3.6,5
27/08/16,Southampton,Sunderland,D,1.62,3.6,6
27/08/16,Tottenham,Liverpool,D,2.38,3.4,2.9
27/08/16,Watford,Arsenal,A,4.6,3.75,1.73
28/08/16,Man City,West Ham,H,1.3,5.5,9.5
28/08/16,West Brom,Middlesbrough,D,2.6,2.9,3
10/9/16,Arsenal,Southampton,H,1.62,3.5,6.5
10/9/16,Bournemouth,West Brom,H,2.1,3,4
10/9/16,Burnley,Hull,D,2.3,3.1,3.3
10/9/16,Liverpool,Leicester,H,1.7,3.75,5.5
10/9/16,Man United,Man City,A,2.38,3.2,3.4
10/9/16,Middlesbrough,Crystal Palace,A,2.38,3.1,3.2
10/9/16,Stoke,Tottenham,A,4.8,3.2,1.85
10/9/16,West Ham,Watford,A,1.91,3.2,4.5
11/9/16,Swansea,Chelsea,D,6,3.6,1.62
12/9/16,Sunderland,Everton,A,3.75,3.2,2.1
16/09/16,Chelsea,Liverpool,A,2.3,3.4,3.4
17/09/16,Everton,Middlesbrough,H,1.7,3.2,6
17/09/16,Hull,Arsenal,A,6,3.6,1.62
17/09/16,Leicester,Burnley,H,1.5,3.75,8
17/09/16,Man City,Bournemouth,H,1.29,5,12
17/09/16,West Brom,West Ham,H,2.7,3.1,2.7
18/09/16,Crystal Palace,Stoke,H,2.05,3.1,4
18/09/16,Southampton,Swansea,H,1.7,3.4,5.5
18/09/16,Tottenham,Sunderland,H,1.33,4.33,12
18/09/16,Watford,Man United,H,6,3.6,1.62
24/09/16,Arsenal,Chelsea,H,2.4,3.2,3.2
24/09/16,Bournemouth,Everton,H,3.6,3.4,2.15
24/09/16,Liverpool,Hull,H,1.25,6,13
24/09/16,Man United,Leicester,H,1.7,3.75,5.5
24/09/16,Middlesbrough,Tottenham,A,4,3.4,2
24/09/16,Stoke,West Brom,D,2.3,3.3,3.3
24/09/16,Sunderland,Crystal Palace,A,2.8,3.2,2.7
24/09/16,Swansea,Man City,A,9,4.5,1.4
25/09/16,West Ham,Southampton,A,2.8,3.2,2.7
26/09/16,Burnley,Watford,H,2.75,3.25,2.7
30/09/16,Everton,Crystal Palace,D,1.75,3.8,5
1/10/16,Hull,Chelsea,A,7,4.33,1.5
1/10/16,Sunderland,West Brom,D,2.5,3.1,3.2
1/10/16,Swansea,Liverpool,A,8,4.5,1.44
1/10/16,Watford,Bournemouth,D,2.4,3.2,3.2
1/10/16,West Ham,Middlesbrough,D,2.3,3.3,3.3
2/10/16,Burnley,Arsenal,A,9.5,4.5,1.4
2/10/16,Leicester,Southampton,D,2.25,3.25,3.5
2/10/16,Man United,Stoke,D,1.33,5,11
2/10/16,Tottenham,Man City,H,3,3.4,2.4
15/10/16,Arsenal,Swansea,H,1.29,5.5,12
15/10/16,Bournemouth,Hull,H,1.85,3.4,4.8
15/10/16,Chelsea,Leicester,H,1.6,3.8,6.5
15/10/16,Crystal Palace,West Ham,A,2.2,3.1,3.75
15/10/16,Man City,Everton,D,1.5,4.33,7
15/10/16,Stoke,Sunderland,H,2.05,3.3,4
15/10/16,West Brom,Tottenham,D,5.5,3.4,1.75
16/10/16,Middlesbrough,Watford,A,2.3,3.1,3.6
16/10/16,Southampton,Burnley,H,1.4,4.5,10
17/10/16,Liverpool,Man United,D,2.25,3.1,3.6
22/10/16,Arsenal,Middlesbrough,D,1.25,6,13
22/10/16,Bournemouth,Tottenham,D,4,3.4,2
22/10/16,Burnley,Everton,H,6,3.6,1.67
22/10/16,Hull,Stoke,A,3.1,3.2,2.5
22/10/16,Leicester,Crystal Palace,H,2.05,3.3,4
22/10/16,Liverpool,West Brom,H,1.29,6,11
22/10/16,Swansea,Watford,D,2.3,3.4,3.2
22/10/16,West Ham,Sunderland,H,1.7,3.75,5.5
23/10/16,Chelsea,Man United,H,2.25,3.1,3.6
23/10/16,Man City,Southampton,D,1.5,4.33,7
29/10/16,Crystal Palace,Liverpool,A,5,3.8,1.75
29/10/16,Man United,Burnley,D,1.22,6,17
29/10/16,Middlesbrough,Bournemouth,H,2.6,3,3.1
29/10/16,Sunderland,Arsenal,A,8.5,4.8,1.4
29/10/16,Tottenham,Leicester,D,1.67,3.6,6
29/10/16,Watford,Hull,H,1.75,3.5,5.5
29/10/16,West Brom,Man City,A,8,4.5,1.44
30/10/16,Everton,West Ham,H,1.83,3.6,4.5
30/10/16,Southampton,Chelsea,A,3.2,3.2,2.4
31/10/16,Stoke,Swansea,H,2.1,3.5,3.6
5/11/16,Bournemouth,Sunderland,A,1.67,3.6,6
5/11/16,Burnley,Crystal Palace,H,3.3,3.1,2.4
5/11/16,Chelsea,Everton,H,1.57,3.75,7
5/11/16,Man City,Middlesbrough,D,1.22,6.5,13
5/11/16,West Ham,Stoke,D,2.05,3.3,4
6/11/16,Arsenal,Tottenham,D,2,3.2,4.33
6/11/16,Hull,Southampton,H,5.5,3.6,1.7
6/11/16,Leicester,West Brom,A,1.8,3.3,5.5
6/11/16,Liverpool,Watford,H,1.3,5,13
6/11/16,Swansea,Man United,A,5,3.75,1.73
19/11/16,Crystal Palace,Man City,A,6,4.2,1.57
19/11/16,Everton,Swansea,D,1.57,4,6.5
19/11/16,Man United,Arsenal,D,2.62,3.1,3
19/11/16,Southampton,Liverpool,D,3.4,3.4,2.2
19/11/16,Stoke,Bournemouth,A,2.3,3.3,3.3
19/11/16,Sunderland,Hull,H,2.15,3.2,3.8
19/11/16,Tottenham,West Ham,H,1.5,4.33,7
19/11/16,Watford,Leicester,H,2.8,3.1,2.75
20/11/16,Middlesbrough,Chelsea,A,6.5,4,1.57
21/11/16,West Brom,Burnley,H,1.95,3.3,4.5
26/11/16,Burnley,Man City,A,9,5.5,1.33
26/11/16,Chelsea,Tottenham,H,1.8,3.5,5
26/11/16,Hull,West Brom,D,3.1,3,2.6
26/11/16,Leicester,Middlesbrough,D,1.91,3.4,4.5
26/11/16,Liverpool,Sunderland,H,1.2,7,17
26/11/16,Swansea,Crystal Palace,H,2.62,3.2,2.9
27/11/16,Arsenal,Bournemouth,H,1.4,4.8,8.5
27/11/16,Man United,West Ham,D,1.5,4.33,7
27/11/16,Southampton,Everton,H,2.2,3.2,3.6
27/11/16,Watford,Stoke,A,2.4,3.2,3.2
3/12/16,Crystal Palace,Southampton,H,3.4,3.2,2.3
3/12/16,Man City,Chelsea,A,2.2,3.3,3.5
3/12/16,Stoke,Burnley,H,1.62,3.75,6.5
3/12/16,Sunderland,Leicester,H,3.4,3.2,2.3
3/12/16,Tottenham,Swansea,H,1.36,5,9.5
3/12/16,West Brom,Watford,H,2.2,3.2,3.6
3/12/16,West Ham,Arsenal,A,4.8,3.8,1.75
4/12/16,Bournemouth,Liverpool,H,4.8,3.8,1.75
4/12/16,Everton,Man United,D,3.6,3.3,2.2
5/12/16,Middlesbrough,Hull,H,1.83,3.4,5
10/12/16,Arsenal,Stoke,H,1.36,5,9
10/12/16,Burnley,Bournemouth,H,3.3,3.3,2.3
10/12/16,Hull,Crystal Palace,D,3.3,3.2,2.38
10/12/16,Leicester,Man City,H,5,3.8,1.73
10/12/16,Swansea,Sunderland,H,2.2,3.3,3.6
10/12/16,Watford,Everton,H,3,3.3,2.5
11/12/16,Chelsea,West Brom,H,1.29,5.5,13
11/12/16,Liverpool,West Ham,D,1.3,5.5,11
11/12/16,Man United,Tottenham,H,2.25,3.2,3.5
11/12/16,Southampton,Middlesbrough,H,1.73,3.4,6
13/12/16,Bournemouth,Leicester,H,2.4,3.3,3.1
13/12/16,Everton,Arsenal,H,4.2,3.6,1.91
14/12/16,Crystal Palace,Man United,A,4.8,4,1.7
14/12/16,Man City,Watford,H,1.25,6.5,12
14/12/16,Middlesbrough,Liverpool,A,6,4,1.6
14/12/16,Stoke,Southampton,D,3.2,3.2,2.4
14/12/16,Sunderland,Chelsea,A,9,5,1.33
14/12/16,Tottenham,Hull,H,1.25,6,13
14/12/16,West Brom,Swansea,H,2.05,3.3,4
14/12/16,West Ham,Burnley,H,1.67,3.8,5.5
17/12/16,Crystal Palace,Chelsea,A,6.5,3.75,1.62
17/12/16,Middlesbrough,Swansea,H,2.1,3.3,3.75
17/12/16,Stoke,Leicester,D,2.6,3.2,2.9
17/12/16,Sunderland,Watford,H,2.62,3.2,2.9
17/12/16,West Brom,Man United,A,5.5,3.5,1.75
17/12/16,West Ham,Hull,H,1.67,3.6,6
18/12/16,Bournemouth,Southampton,A,2.9,3.2,2.62
18/12/16,Man City,Arsenal,H,2.2,3.4,3.4
18/12/16,Tottenham,Burnley,H,1.22,6.5,15
19/12/16,Everton,Liverpool,A,4.2,3.5,1.95
26/12/16,Arsenal,West Brom,H,1.33,5,11
26/12/16,Burnley,Middlesbrough,H,3,3.1,2.62
26/12/16,Chelsea,Bournemouth,H,1.4,4.8,8.5
26/12/16,Hull,Man City,A,9,5.5,1.33
26/12/16,Leicester,Everton,A,2.5,3.3,3
26/12/16,Man United,Sunderland,H,1.25,5.5,17
26/12/16,Swansea,West Ham,A,2.7,3.3,2.7
26/12/16,Watford,Crystal Palace,D,2.4,3.3,3.1
27/12/16,Liverpool,Stoke,H,1.33,5,11
28/12/16,Southampton,Tottenham,A,2.9,3.2,2.6
30/12/16,Hull,Everton,D,4.33,3.4,1.95
31/12/16,Burnley,Sunderland,H,2.4,3.2,3.2
31/12/16,Chelsea,Stoke,H,1.29,5.5,13
31/12/16,Leicester,West Ham,H,2.1,3.4,3.75
31/12/16,Liverpool,Man City,H,2.4,3.3,3.1
31/12/16,Man United,Middlesbrough,H,1.25,5.5,17
31/12/16,Southampton,West Brom,A,1.8,3.3,5.5
31/12/16,Swansea,Bournemouth,A,2.8,3.3,2.62
1/1/17,Arsenal,Crystal Palace,H,1.33,5.5,9
1/1/17,Watford,Tottenham,A,5.5,3.6,1.73
2/1/17,Everton,Southampton,H,2.3,3.2,3.4
2/1/17,Man City,Burnley,H,1.18,7,15
2/1/17,Middlesbrough,Leicester,D,2.75,3.1,2.8
2/1/17,Sunderland,Liverpool,D,11,4.5,1.36
2/1/17,West Brom,Hull,H,1.8,3.3,5.5
2/1/17,West Ham,Man United,A,5.5,3.8,1.67
3/1/17,Bournemouth,Arsenal,D,5,3.4,1.83
3/1/17,Crystal Palace,Swansea,A,1.83,3.4,5
3/1/17,Stoke,Watford,H,1.95,3.4,4.2
4/1/17,Tottenham,Chelsea,H,2.9,3.1,2.62
14/01/17,Burnley,Southampton,H,3.5,3.2,2.25
14/01/17,Hull,Bournemouth,H,3.2,3.4,2.3
14/01/17,Leicester,Chelsea,A,6,3.6,1.67
14/01/17,Sunderland,Stoke,A,3,3.3,2.5
14/01/17,Swansea,Arsenal,A,6.5,4.33,1.53
14/01/17,Tottenham,West Brom,H,1.33,5,11
14/01/17,Watford,Middlesbrough,D,2.5,3.1,3.1
14/01/17,West Ham,Crystal Palace,H,2.4,3.2,3.2
15/01/17,Everton,Man City,H,4.33,3.75,1.83
15/01/17,Man United,Liverpool,D,2.2,3.3,3.6
21/01/17,Bournemouth,Watford,D,1.85,3.6,4.5
21/01/17,Crystal Palace,Everton,A,3.2,3.2,2.4
21/01/17,Liverpool,Swansea,A,1.22,6.5,15
21/01/17,Man City,Tottenham,D,2.15,3.4,3.6
21/01/17,Middlesbrough,West Ham,A,2.5,3.1,3.2
21/01/17,Stoke,Man United,D,6,4,1.62
21/01/17,West Brom,Sunderland,H,1.7,3.5,6
22/01/17,Arsenal,Burnley,H,1.2,7,15
22/01/17,Chelsea,Hull,H,1.2,7,15
22/01/17,Southampton,Leicester,H,1.85,3.3,5
31/01/17,Arsenal,Watford,A,1.25,6,13
31/01/17,Bournemouth,Crystal Palace,A,2.1,3.4,3.75
31/01/17,Burnley,Leicester,H,2.88,3.2,2.62
31/01/17,Liverpool,Chelsea,D,2.6,3.2,3
31/01/17,Middlesbrough,West Brom,D,2.7,3,3
31/01/17,Sunderland,Tottenham,D,9,5,1.36
31/01/17,Swansea,Southampton,H,3.4,3.2,2.3
1/2/17,Man United,Hull,D,1.2,7,17
1/2/17,Stoke,Everton,D,2.88,3.25,2.62
1/2/17,West Ham,Man City,A,6,4.2,1.57
4/2/17,Chelsea,Arsenal,H,2,3.3,4.2
4/2/17,Crystal Palace,Sunderland,A,1.67,3.8,5.5
4/2/17,Everton,Bournemouth,H,1.73,3.6,5.5
4/2/17,Hull,Liverpool,H,8,4.5,1.44
4/2/17,Southampton,West Ham,A,1.83,3.6,4.5
4/2/17,Tottenham,Middlesbrough,H,1.29,5.5,13
4/2/17,Watford,Burnley,H,2.15,3.2,3.8
4/2/17,West Brom,Stoke,H,2.38,3.1,3.4
5/2/17,Leicester,Man United,A,5.5,3.75,1.7
5/2/17,Man City,Swansea,H,1.22,7,13
11/2/17,Arsenal,Hull,H,1.3,5.5,11
11/2/17,Liverpool,Tottenham,H,2.3,3.2,3.4
11/2/17,Man United,Watford,H,1.25,6,13
11/2/17,Middlesbrough,Everton,D,3.6,3.2,2.2
11/2/17,Stoke,Crystal Palace,H,2.1,3.3,3.8
11/2/17,Sunderland,Southampton,A,3.8,3.3,2.1
11/2/17,West Ham,West Brom,D,2.25,3.2,3.6
12/2/17,Burnley,Chelsea,D,8,4.5,1.44
12/2/17,Swansea,Leicester,H,2.5,3.2,3.1
13/02/17,Bournemouth,Man City,A,7,4.8,1.44
25/02/17,Chelsea,Swansea,H,1.25,6,13
25/02/17,Crystal Palace,Middlesbrough,H,2.15,3.1,4
25/02/17,Everton,Sunderland,H,1.4,4.8,8.5
25/02/17,Hull,Burnley,D,2.2,3.1,3.8
25/02/17,Watford,West Ham,D,2.62,3.2,2.9
25/02/17,West Brom,Bournemouth,H,2.1,3.3,3.8
26/02/17,Tottenham,Stoke,H,1.44,4.5,8
27/02/17,Leicester,Liverpool,H,5.5,3.8,1.67
4/3/17,Leicester,Hull,H,1.85,3.4,4.8
4/3/17,Liverpool,Arsenal,H,2.15,3.4,3.6
4/3/17,Man United,Bournemouth,D,1.25,6,13
4/3/17,Stoke,Middlesbrough,H,1.95,3.3,4.5
4/3/17,Swansea,Burnley,H,2,3.4,4
4/3/17,Watford,Southampton,A,3.5,3.1,2.3
4/3/17,West Brom,Crystal Palace,A,2.2,3.1,3.8
5/3/17,Sunderland,Man City,A,11,5.5,1.3
5/3/17,Tottenham,Everton,H,1.67,3.8,5.5
6/3/17,West Ham,Chelsea,A,6,4,1.62
8/3/17,Man City,Stoke,D,1.25,6,13
11/3/17,Bournemouth,West Ham,H,2.62,3.3,2.8
11/3/17,Everton,West Brom,H,1.7,3.75,5.5
11/3/17,Hull,Swansea,H,2.6,3.1,3
12/3/17,Liverpool,Burnley,H,1.25,6,13
18/03/17,Bournemouth,Swansea,H,2.2,3.3,3.5
18/03/17,Crystal Palace,Watford,H,1.91,3.4,4.5
18/03/17,Everton,Hull,H,1.53,4,7
18/03/17,Stoke,Chelsea,A,6,4,1.62
18/03/17,Sunderland,Burnley,D,2.6,3.2,2.88
18/03/17,West Brom,Arsenal,H,5,3.8,1.73
18/03/17,West Ham,Leicester,A,2.38,3.3,3.2
19/03/17,Man City,Liverpool,D,2,3.6,3.8
19/03/17,Middlesbrough,Man United,A,5.5,3.6,1.7
19/03/17,Tottenham,Southampton,H,1.73,3.6,5.5
1/4/17,Burnley,Tottenham,A,5.5,3.75,1.7
1/4/17,Chelsea,Crystal Palace,A,1.29,5.5,12
1/4/17,Hull,West Ham,H,2.5,3.3,3
1/4/17,Leicester,Stoke,H,2.05,3.4,3.8
1/4/17,Liverpool,Everton,H,1.73,3.8,5
1/4/17,Man United,West Brom,D,1.36,5,9
1/4/17,Southampton,Bournemouth,D,1.62,4.2,5.5
1/4/17,Watford,Sunderland,H,1.85,3.6,4.5
2/4/17,Arsenal,Man City,D,3.1,3.5,2.3
2/4/17,Swansea,Middlesbrough,D,1.95,3.5,4.2
4/4/17,Burnley,Stoke,H,2.5,3.1,3.1
4/4/17,Leicester,Sunderland,H,1.44,4.33,8.5
4/4/17,Man United,Everton,D,1.57,4,6.5
4/4/17,Watford,West Brom,H,2.5,3.1,3.1
5/4/17,Arsenal,West Ham,H,1.4,5,8
5/4/17,Chelsea,Man City,H,2.4,3.3,3.1
5/4/17,Hull,Middlesbrough,H,2.05,3.2,4.2
5/4/17,Liverpool,Bournemouth,D,1.36,5,9
5/4/17,Southampton,Crystal Palace,H,1.83,3.5,4.8
5/4/17,Swansea,Tottenham,A,5,3.8,1.73
8/4/17,Bournemouth,Chelsea,A,6,3.6,1.62
8/4/17,Man City,Hull,H,1.22,6,13
8/4/17,Middlesbrough,Burnley,D,2.4,3,3.2
8/4/17,Stoke,Liverpool,A,4,3.4,1.95
8/4/17,Tottenham,Watford,H,1.25,5.5,12
8/4/17,West Brom,Southampton,A,2.8,3.1,2.6
8/4/17,West Ham,Swansea,H,2.1,3.3,3.5
9/4/17,Everton,Leicester,H,1.75,3.5,5
9/4/17,Sunderland,Man United,A,10,4.5,1.36
10/4/17,Crystal Palace,Arsenal,H,4.33,3.5,1.83
15/04/17,Crystal Palace,Leicester,D,1.8,3.6,4.5
15/04/17,Everton,Burnley,H,1.44,4.33,7.5
15/04/17,Southampton,Man City,A,4.4,3.8,1.75
15/04/17,Stoke,Hull,H,2,3.4,3.8
15/04/17,Sunderland,West Ham,D,3.1,3.4,2.25
15/04/17,Tottenham,Bournemouth,H,1.25,6,11
15/04/17,Watford,Swansea,H,2.4,3.2,3
16/04/17,Man United,Chelsea,H,2.5,3.2,2.88
16/04/17,West Brom,Liverpool,A,4.2,3.75,1.8
17/04/17,Middlesbrough,Arsenal,A,6.5,4.2,1.5
22/04/17,Bournemouth,Middlesbrough,H,1.83,3.4,4.5
22/04/17,Hull,Watford,H,1.95,3.1,4.33
22/04/17,Swansea,Stoke,H,2.25,3.1,3.5
22/04/17,West Ham,Everton,D,3.4,3.1,2.25
23/04/17,Burnley,Man United,A,6,3.2,1.7
23/04/17,Liverpool,Crystal Palace,A,1.5,4,7
25/04/17,Chelsea,Southampton,H,1.44,4.33,8
26/04/17,Arsenal,Leicester,H,1.57,4.2,5.5
26/04/17,Crystal Palace,Tottenham,A,5.5,3.6,1.67
26/04/17,Middlesbrough,Sunderland,H,2.25,3.3,3.2
27/04/17,Man City,Man United,D,1.85,3.75,4
29/04/17,Crystal Palace,Burnley,A,1.83,3.5,4.4
29/04/17,Southampton,Hull,D,1.67,3.8,5
29/04/17,Stoke,West Ham,D,2.15,3.4,3.3
29/04/17,Sunderland,Bournemouth,A,2.9,3.4,2.38
29/04/17,West Brom,Leicester,A,2.5,3.3,2.8
30/04/17,Everton,Chelsea,A,3.5,3.5,2.05
30/04/17,Man United,Swansea,D,1.36,4.75,8.5
30/04/17,Middlesbrough,Man City,D,9,5,1.33
30/04/17,Tottenham,Arsenal,H,1.85,4,3.75
1/5/17,Watford,Liverpool,A,6,4,1.55
5/5/17,West Ham,Tottenham,H,8,5,1.4
6/5/17,Bournemouth,Stoke,D,2.25,3.2,3.3
6/5/17,Burnley,West Brom,D,2.25,3.2,3.3
6/5/17,Hull,Sunderland,A,1.44,4.33,7.5
6/5/17,Leicester,Watford,H,1.57,3.75,6.5
6/5/17,Man City,Crystal Palace,H,1.25,6,11
6/5/17,Swansea,Everton,H,2.75,3.4,2.62
7/5/17,Arsenal,Man United,H,1.91,3.6,4.2
7/5/17,Liverpool,Southampton,D,1.62,4,6
8/5/17,Chelsea,Middlesbrough,H,1.14,8.5,19
10/5/17,Southampton,Arsenal,A,3.6,3.6,2
12/5/17,Everton,Watford,H,1.44,4.33,7
12/5/17,West Brom,Chelsea,A,10,4.4,1.36
13/05/17,Bournemouth,Burnley,H,1.95,3.4,4
13/05/17,Man City,Leicester,H,1.25,5.5,12
13/05/17,Middlesbrough,Southampton,A,3.6,3.4,2.05
13/05/17,Stoke,Arsenal,A,4.5,3.8,1.73
13/05/17,Sunderland,Swansea,A,4,3.5,1.91
14/05/17,Crystal Palace,Hull,H,2.05,3.4,3.75
14/05/17,Tottenham,Man United,H,1.67,3.8,5
14/05/17,West Ham,Liverpool,A,5,3.9,1.7
15/05/17,Chelsea,Watford,H,1.25,6,11
16/05/17,Arsenal,Sunderland,H,1.1,9,26
16/05/17,Man City,West Brom,H,1.14,7.5,21
17/05/17,Southampton,Man United,D,2.62,3.2,2.75
18/05/17,Leicester,Tottenham,A,4.5,3.5,1.8
21/05/17,Arsenal,Everton,H,1.4,5,7
21/05/17,Burnley,West Ham,A,2.38,3.4,2.9
21/05/17,Chelsea,Sunderland,H,1.15,7.5,17
21/05/17,Hull,Tottenham,A,6,4.2,1.53
21/05/17,Leicester,Bournemouth,D,1.95,3.75,3.6
21/05/17,Liverpool,Middlesbrough,H,1.1,9,26
21/05/17,Man United,Crystal Palace,H,2.5,3.3,2.8
21/05/17,Southampton,Stoke,A,1.75,3.75,4.5
21/05/17,Swansea,West Brom,H,2.05,3.5,3.5
21/05/17,Watford,Man City,A,10,5.5,1.29
11/8/17,Arsenal,Leicester,H,1.53,4.2,6
12/8/17,Brighton,Man City,A,10,4.8,1.33
12/8/17,Chelsea,Burnley,A,1.25,5.5,13
12/8/17,Crystal Palace,Huddersfield,A,1.8,3.3,5
12/8/17,Everton,Stoke,H,1.7,3.5,5.5
12/8/17,Southampton,Swansea,D,1.62,3.6,6
12/8/17,Watford,Liverpool,D,5.5,3.8,1.62
12/8/17,West Brom,Bournemouth,H,2.5,3.1,3
13/08/2017,Man United,West Ham,H,1.3,5,11
13/08/2017,Newcastle,Tottenham,A,5,3.75,1.7
19/08/2017,Bournemouth,Watford,A,1.95,3.4,4
19/08/2017,Burnley,West Brom,A,2.4,3,3
19/08/2017,Leicester,Brighton,H,1.73,3.3,5.5
19/08/2017,Liverpool,Crystal Palace,H,1.33,4.5,9
19/08/2017,Southampton,West Ham,H,1.7,3.6,4.5
19/08/2017,Stoke,Arsenal,H,4.5,3.5,1.8
19/08/2017,Swansea,Man United,A,10,4.5,1.36
20/08/2017,Huddersfield,Newcastle,H,2.5,3.1,3
20/08/2017,Tottenham,Chelsea,A,2.1,3.3,3.6
21/08/2017,Man City,Everton,D,1.33,5,9
26/08/2017,Bournemouth,Man City,A,9,5,1.33
26/08/2017,Crystal Palace,Swansea,A,1.95,3.25,4.2
26/08/2017,Huddersfield,Southampton,D,3.8,3.1,2.1
26/08/2017,Man United,Leicester,H,1.33,5,9
26/08/2017,Newcastle,West Ham,H,2.3,3.2,3.2
26/08/2017,Watford,Brighton,D,1.95,3.25,4.2
27/08/2017,Chelsea,Everton,H,1.44,4.2,8
27/08/2017,Liverpool,Arsenal,H,2.2,3.25,3.4
27/08/2017,Tottenham,Burnley,D,1.25,5.5,13
27/08/2017,West Brom,Stoke,D,2.4,3,3.2
9/9/17,Arsenal,Bournemouth,H,1.36,5,8
9/9/17,Brighton,West Brom,H,2.62,2.9,3
9/9/17,Everton,Tottenham,A,3.5,3.25,2.15
9/9/17,Leicester,Chelsea,A,4.33,3.6,1.8
9/9/17,Man City,Liverpool,H,1.85,3.75,4
9/9/17,Southampton,Watford,A,1.67,3.6,5.5
9/9/17,Stoke,Man United,D,7,4,1.5
10/9/17,Burnley,Crystal Palace,H,2.38,3.1,3.2
10/9/17,Swansea,Newcastle,A,2.38,3.1,3.2
11/9/17,West Ham,Huddersfield,H,1.85,3.5,4.33
15/09/2017,Bournemouth,Brighton,H,2.1,3.3,3.8
16/09/2017,Crystal Palace,Southampton,A,2.8,3.1,2.6
16/09/2017,Huddersfield,Leicester,D,3.3,3.3,2.2
16/09/2017,Liverpool,Burnley,D,1.29,5,12
16/09/2017,Newcastle,Stoke,H,2.3,3.1,3.3
16/09/2017,Tottenham,Swansea,D,1.22,6,13
16/09/2017,Watford,Man City,A,8,5.5,1.33
16/09/2017,West Brom,West Ham,D,2.3,3.1,3.3
17/09/2017,Chelsea,Arsenal,D,1.8,3.5,4.5
17/09/2017,Man United,Everton,H,1.33,4.5,11
23/09/2017,Burnley,Huddersfield,D,2.1,3.1,3.8
23/09/2017,Everton,Bournemouth,H,1.67,3.6,5.5
23/09/2017,Leicester,Liverpool,A,4,3.5,1.91
23/09/2017,Man City,Crystal Palace,H,1.14,7.5,21
23/09/2017,Southampton,Man United,A,5,3.6,1.73
23/09/2017,Stoke,Chelsea,A,6,3.6,1.62
23/09/2017,Swansea,Watford,A,2.3,3.2,3.2
23/09/2017,West Ham,Tottenham,A,5.5,4,1.6
24/09/2017,Brighton,Newcastle,H,2.7,3.1,2.7
25/09/2017,Arsenal,West Brom,H,1.33,5,9
30/09/2017,Bournemouth,Leicester,D,2.75,3.4,2.5
30/09/2017,Chelsea,Man City,A,2.8,3.3,2.5
30/09/2017,Huddersfield,Tottenham,A,8,4.5,1.4
30/09/2017,Man United,Crystal Palace,H,1.17,7,17
30/09/2017,Stoke,Southampton,H,2.9,3.2,2.5
30/09/2017,West Brom,Watford,D,2.25,3.1,3.4
30/09/2017,West Ham,Swansea,H,1.83,3.5,4.33
1/10/17,Arsenal,Brighton,H,1.22,6,13
1/10/17,Everton,Burnley,A,1.62,3.6,6
1/10/17,Newcastle,Liverpool,D,5,3.75,1.7
14/10/2017,Burnley,West Ham,D,2.6,3.2,2.88
14/10/2017,Crystal Palace,Chelsea,H,9.5,4.8,1.36
14/10/2017,Liverpool,Man United,D,2.75,3.2,2.75
14/10/2017,Man City,Stoke,H,1.14,8.5,21
14/10/2017,Swansea,Huddersfield,H,2.15,3.2,3.8
14/10/2017,Tottenham,Bournemouth,H,1.2,7.5,13
14/10/2017,Watford,Arsenal,H,5.5,4.2,1.62
15/10/2017,Brighton,Everton,D,3.25,3.2,2.38
15/10/2017,Southampton,Newcastle,D,1.85,3.6,4.5
16/10/2017,Leicester,West Brom,D,2,3.4,4
20/10/2017,West Ham,Brighton,A,1.83,3.3,5
21/10/2017,Chelsea,Watford,H,1.36,5,9
21/10/2017,Huddersfield,Man United,H,11,5,1.33
21/10/2017,Man City,Burnley,H,1.11,9,26
21/10/2017,Newcastle,Crystal Palace,H,2.05,3.1,4.2
21/10/2017,Southampton,West Brom,H,1.83,3.4,5
21/10/2017,Stoke,Bournemouth,A,2.2,3.3,3.5
21/10/2017,Swansea,Leicester,A,2.9,3.1,2.62
22/10/2017,Everton,Arsenal,A,4,3.3,2.05
22/10/2017,Tottenham,Liverpool,H,2.15,3.4,3.5
28/10/2017,Arsenal,Swansea,H,1.22,7,13
28/10/2017,Bournemouth,Chelsea,A,5.5,4.2,1.62
28/10/2017,Crystal Palace,West Ham,D,2.4,3.3,3.1
28/10/2017,Liverpool,Huddersfield,H,1.25,6.5,12
28/10/2017,Man United,Tottenham,H,2.15,3.4,3.6
28/10/2017,Watford,Stoke,A,2.05,3.5,3.75
28/10/2017,West Brom,Man City,A,12,6.5,1.25
29/10/2017,Brighton,Southampton,D,3.25,3.2,2.38
29/10/2017,Leicester,Everton,H,2.15,3.4,3.5
30/10/2017,Burnley,Newcastle,H,2.88,3.1,2.7
4/11/17,Huddersfield,West Brom,H,2.7,3,3
4/11/17,Newcastle,Bournemouth,A,2,3.4,4
4/11/17,Southampton,Burnley,A,1.67,3.5,6.5
4/11/17,Stoke,Leicester,D,2.7,3.2,2.8
4/11/17,Swansea,Brighton,A,2.4,3.1,3.3
4/11/17,West Ham,Liverpool,A,5,4.2,1.67
5/11/17,Chelsea,Man United,H,2.5,3.2,3.1
5/11/17,Everton,Watford,H,2.15,3.3,3.6
5/11/17,Man City,Arsenal,H,1.44,4.8,7
5/11/17,Tottenham,Crystal Palace,H,1.29,5.5,12
18/11/2017,Arsenal,Tottenham,H,2.5,3.5,2.8
18/11/2017,Bournemouth,Huddersfield,H,1.85,3.3,5
18/11/2017,Burnley,Swansea,H,2.1,3.2,4
18/11/2017,Crystal Palace,Everton,D,2.4,3.2,3.2
18/11/2017,Leicester,Man City,A,9.5,5,1.35
18/11/2017,Liverpool,Southampton,H,1.4,4.8,8.5
18/11/2017,Man United,Newcastle,H,1.3,5,13
18/11/2017,West Brom,Chelsea,A,6.5,3.75,1.62
19/11/2017,Watford,West Ham,H,2.1,3.5,3.6
20/11/2017,Brighton,Stoke,D,2.4,3.1,3.3
24/11/2017,West Ham,Leicester,D,2.75,3.2,2.75
25/11/2017,Crystal Palace,Stoke,H,2.1,3.1,4
25/11/2017,Liverpool,Chelsea,D,2.15,3.3,3.6
25/11/2017,Man United,Brighton,H,1.22,5.5,21
25/11/2017,Newcastle,Watford,A,2.25,3.2,3.5
25/11/2017,Swansea,Bournemouth,D,2.8,3.2,2.7
25/11/2017,Tottenham,West Brom,D,1.25,5.5,15
26/11/2017,Burnley,Arsenal,A,6,4.2,1.57
26/11/2017,Huddersfield,Man City,A,17,6.5,1.2
26/11/2017,Southampton,Everton,H,1.91,3.3,4.5
28/11/2017,Brighton,Crystal Palace,D,2.62,3.1,2.9
28/11/2017,Leicester,Tottenham,H,4.8,3.75,1.75
28/11/2017,Watford,Man United,A,5,3.8,1.7
28/11/2017,West Brom,Newcastle,D,2.38,3.1,3.4
29/11/2017,Arsenal,Huddersfield,H,1.2,7,15
29/11/2017,Bournemouth,Burnley,A,1.95,3.4,4.2
29/11/2017,Chelsea,Swansea,H,1.2,7,17
29/11/2017,Everton,West Ham,H,2.3,3.3,3.3
29/11/2017,Man City,Southampton,H,1.2,7,17
29/11/2017,Stoke,Liverpool,A,6,4.5,1.53
2/12/17,Arsenal,Man United,A,2.5,3.2,3
2/12/17,Brighton,Liverpool,A,6.5,4.5,1.5
2/12/17,Chelsea,Newcastle,H,1.25,6,13
2/12/17,Everton,Huddersfield,H,1.73,3.5,5.5
2/12/17,Leicester,Burnley,H,1.75,3.6,5
2/12/17,Stoke,Swansea,H,1.95,3.4,4.2
2/12/17,Watford,Tottenham,D,5,3.8,1.73
2/12/17,West Brom,Crystal Palace,D,2.5,3.1,3.1
3/12/17,Bournemouth,Southampton,D,3,3.1,2.6
3/12/17,Man City,West Ham,H,1.11,10,23
9/12/17,Burnley,Watford,H,2.5,3.2,2.88
9/12/17,Crystal Palace,Bournemouth,D,1.91,3.4,4
9/12/17,Huddersfield,Brighton,H,2.62,2.9,3
9/12/17,Newcastle,Leicester,A,2.5,3.25,2.8
9/12/17,Swansea,West Brom,H,2.6,3,2.9
9/12/17,Tottenham,Stoke,H,1.25,6,11
9/12/17,West Ham,Chelsea,H,7,4,1.5
10/12/17,Liverpool,Everton,D,1.3,5,10
10/12/17,Man United,Man City,A,3.3,3.4,2.15
10/12/17,Southampton,Arsenal,D,3.8,3.6,1.91
12/12/17,Burnley,Stoke,H,2.3,3.1,3.3
12/12/17,Crystal Palace,Watford,H,2.25,3.5,3.25
12/12/17,Huddersfield,Chelsea,A,9,4.6,1.4
13/12/2017,Liverpool,West Brom,D,1.2,7,15
13/12/2017,Man United,Bournemouth,H,1.29,5.5,12
13/12/2017,Newcastle,Everton,A,2.4,3.2,3.2
13/12/2017,Southampton,Leicester,A,2.05,3.4,3.8
13/12/2017,Swansea,Man City,A,13,6,1.25
13/12/2017,Tottenham,Brighton,H,1.25,6,13
13/12/2017,West Ham,Arsenal,D,5.5,4,1.65
16/12/2017,Arsenal,Newcastle,H,1.25,6,13
16/12/2017,Brighton,Burnley,D,2.62,2.9,3.2
16/12/2017,Chelsea,Southampton,H,1.36,5,9
16/12/2017,Leicester,Crystal Palace,A,1.91,3.5,4.33
16/12/2017,Man City,Tottenham,H,1.53,4.5,6
16/12/2017,Stoke,West Ham,A,2.3,3.3,3.3
16/12/2017,Watford,Huddersfield,A,1.8,3.5,5
17/12/2017,Bournemouth,Liverpool,A,6,4.5,1.53
17/12/2017,West Brom,Man United,A,6.5,3.8,1.62
18/12/2017,Everton,Swansea,H,1.73,3.6,5.5
22/12/2017,Arsenal,Liverpool,D,2.45,3.6,2.8
23/12/2017,Brighton,Watford,H,2.62,3.1,3
23/12/2017,Burnley,Tottenham,A,7,3.8,1.57
23/12/2017,Everton,Chelsea,D,5.5,3.8,1.67
23/12/2017,Leicester,Man United,D,4.33,3.5,1.91
23/12/2017,Man City,Bournemouth,H,1.1,11,26
23/12/2017,Southampton,Huddersfield,D,1.62,3.75,6.5
23/12/2017,Stoke,West Brom,H,2.3,3.1,3.5
23/12/2017,Swansea,Crystal Palace,D,3.3,3.1,2.4
23/12/2017,West Ham,Newcastle,A,2.15,3.2,3.8
26/12/2017,Bournemouth,West Ham,D,2.8,3.3,2.62
26/12/2017,Chelsea,Brighton,H,1.2,7,15
26/12/2017,Huddersfield,Stoke,D,2.5,3.1,3.1
26/12/2017,Liverpool,Swansea,H,1.17,8,17
26/12/2017,Man United,Burnley,D,1.25,6,13
26/12/2017,Tottenham,Southampton,H,1.33,5,11
26/12/2017,Watford,Leicester,H,2.5,3.4,2.88
26/12/2017,West Brom,Everton,D,2.5,3.2,3
27/12/2017,Newcastle,Man City,A,13,6,1.25
28/12/2017,Crystal Palace,Arsenal,A,4.8,3.8,1.75
30/12/2017,Bournemouth,Everton,H,2.4,3.2,3
30/12/2017,Chelsea,Stoke,H,1.17,7,17
30/12/2017,Huddersfield,Burnley,D,2.38,2.9,3.4
30/12/2017,Liverpool,Leicester,H,1.3,5.5,9
30/12/2017,Man United,Southampton,D,1.36,4.8,8
30/12/2017,Newcastle,Brighton,D,2.15,3.2,3.6
30/12/2017,Watford,Swansea,A,1.7,3.6,5
31/12/2017,Crystal Palace,Man City,D,11,6,1.25
31/12/2017,West Brom,Arsenal,D,4.5,3.75,1.73
1/1/18,Brighton,Bournemouth,D,2.4,3.1,3.3
1/1/18,Burnley,Liverpool,A,7,4.33,1.5
1/1/18,Everton,Man United,A,5.5,3.4,1.75
1/1/18,Leicester,Huddersfield,H,1.67,3.75,5.5
1/1/18,Stoke,Newcastle,A,2.3,3.2,3.4
2/1/18,Man City,Watford,H,1.15,8,19
2/1/18,Southampton,Crystal Palace,A,1.95,3.4,4.2
2/1/18,Swansea,Tottenham,A,11,5.5,1.3
2/1/18,West Ham,West Brom,H,1.95,3.3,4.33
3/1/18,Arsenal,Chelsea,D,2.7,3.3,2.7
4/1/18,Tottenham,West Ham,D,1.29,6,10
13/01/2018,Chelsea,Leicester,D,1.3,5.5,11
13/01/2018,Crystal Palace,Burnley,H,2.05,3.1,4.33
13/01/2018,Huddersfield,West Ham,A,2.7,3,3
13/01/2018,Newcastle,Swansea,D,1.95,3.3,4.5
13/01/2018,Tottenham,Everton,H,1.29,5.5,12
13/01/2018,Watford,Southampton,D,2.5,3.25,3
13/01/2018,West Brom,Brighton,H,2.05,3,4.2
14/01/2018,Bournemouth,Arsenal,H,4.5,4,1.75
14/01/2018,Liverpool,Man City,H,3.1,3.5,2.3
15/01/2018,Man United,Stoke,H,1.22,6.5,15
20/01/2018,Arsenal,Crystal Palace,H,1.5,4.33,7
20/01/2018,Brighton,Chelsea,A,6.5,3.75,1.62
20/01/2018,Burnley,Man United,A,7,3.8,1.57
20/01/2018,Everton,West Brom,D,2.15,3.1,4
20/01/2018,Leicester,Watford,H,1.85,3.75,4.33
20/01/2018,Man City,Newcastle,H,1.12,9,26
20/01/2018,Stoke,Huddersfield,H,2.05,3.3,4
20/01/2018,West Ham,Bournemouth,D,2,3.5,4
21/01/2018,Southampton,Tottenham,D,5.5,4,1.65
22/01/2018,Swansea,Liverpool,H,11,5.5,1.3
30/01/2018,Huddersfield,Liverpool,A,11,5.5,1.3
30/01/2018,Swansea,Arsenal,H,7,4.33,1.5
30/01/2018,West Ham,Crystal Palace,D,3,3.25,2.5
31/01/2018,Chelsea,Bournemouth,A,1.29,6,11
31/01/2018,Everton,Leicester,H,3,3.1,2.62
31/01/2018,Man City,West Brom,H,1.14,9,19
31/01/2018,Newcastle,Burnley,D,2.2,3.1,3.75
31/01/2018,Southampton,Brighton,D,1.75,3.3,6
31/01/2018,Stoke,Watford,D,2.25,3.4,3.3
31/01/2018,Tottenham,Man United,H,2.3,3.3,3.3
3/2/18,Arsenal,Everton,H,1.33,5,11
3/2/18,Bournemouth,Stoke,H,1.91,3.5,4.33
3/2/18,Brighton,West Ham,H,2.3,3,3.6
3/2/18,Burnley,Man City,D,12,5.5,1.29
3/2/18,Leicester,Swansea,D,1.8,3.5,5
3/2/18,Man United,Huddersfield,H,1.17,7.5,21
3/2/18,West Brom,Southampton,A,2.5,3.1,3.1
4/2/18,Crystal Palace,Newcastle,D,2.05,3.3,4
4/2/18,Liverpool,Tottenham,D,2.1,3.6,3.5
5/2/18,Watford,Chelsea,H,6,4,1.62
10/2/18,Everton,Crystal Palace,H,2.25,3.1,3.4
10/2/18,Man City,Leicester,H,1.22,6,12
10/2/18,Stoke,Brighton,D,2.15,3.1,3.6
10/2/18,Swansea,Burnley,H,2.5,2.9,3.2
10/2/18,Tottenham,Arsenal,H,2,3.75,3.4
10/2/18,West Ham,Watford,H,2.5,3.3,2.8
11/2/18,Huddersfield,Bournemouth,H,3.25,3.1,2.3
11/2/18,Newcastle,Man United,H,5.5,3.8,1.62
11/2/18,Southampton,Liverpool,A,4.33,3.8,1.75
12/2/18,Chelsea,West Brom,H,1.33,5,9
24/02/2018,Bournemouth,Newcastle,D,2.05,3.3,3.7
24/02/2018,Brighton,Swansea,H,2.1,3,3.8
24/02/2018,Burnley,Southampton,D,2.62,3.1,2.75
24/02/2018,Leicester,Stoke,D,1.7,3.75,4.8
24/02/2018,Liverpool,West Ham,H,1.22,6,12
24/02/2018,Watford,Everton,H,2.2,3.3,3.3
24/02/2018,West Brom,Huddersfield,A,1.95,3.1,4.4
25/02/2018,Crystal Palace,Tottenham,A,6.5,4.2,1.5
25/02/2018,Man United,Chelsea,H,2.3,3.1,3.3
1/3/18,Arsenal,Man City,A,4.5,3.8,1.73
3/3/18,Burnley,Everton,H,2.5,3,3.3
3/3/18,Leicester,Bournemouth,D,1.85,3.6,4.5
3/3/18,Liverpool,Newcastle,H,1.22,6.5,15
3/3/18,Southampton,Stoke,D,1.75,3.5,5.5
3/3/18,Swansea,West Ham,H,2.6,3.1,3
3/3/18,Tottenham,Huddersfield,H,1.2,7,17
3/3/18,Watford,West Brom,H,2.15,3.25,3.8
4/3/18,Brighton,Arsenal,H,4,3.75,1.91
4/3/18,Man City,Chelsea,H,1.62,4,6
5/3/18,Crystal Palace,Man United,A,6.5,4,1.57
10/3/18,Chelsea,Crystal Palace,H,1.3,5.5,11
10/3/18,Everton,Brighton,H,2.2,3.1,3.75
10/3/18,Huddersfield,Swansea,D,2.5,3.1,3.1
10/3/18,Man United,Liverpool,H,2.75,3.3,2.8
10/3/18,Newcastle,Southampton,H,2.8,3.1,2.8
10/3/18,West Brom,Leicester,A,3,3.1,2.6
10/3/18,West Ham,Burnley,A,2.3,3.1,3.6
11/3/18,Arsenal,Watford,H,1.5,4.33,7
11/3/18,Bournemouth,Tottenham,A,6,4.5,1.53
12/3/18,Stoke,Man City,A,13,6,1.25
17/03/2018,Bournemouth,West Brom,H,1.83,3.5,4.33
17/03/2018,Huddersfield,Crystal Palace,A,2.8,3.1,2.62
17/03/2018,Liverpool,Watford,H,1.2,6.5,13
17/03/2018,Stoke,Everton,A,2.4,3.2,3
31/03/2018,Brighton,Leicester,A,2.8,3.1,2.62
31/03/2018,Crystal Palace,Liverpool,A,6,4.33,1.5
31/03/2018,Everton,Man City,A,8.5,4.8,1.33
31/03/2018,Man United,Swansea,H,1.22,6,13
31/03/2018,Newcastle,Huddersfield,H,1.75,3.4,5
31/03/2018,Watford,Bournemouth,D,2.3,3.4,3
31/03/2018,West Brom,Burnley,A,2.62,3,2.9
31/03/2018,West Ham,Southampton,H,2.88,3.1,2.6
1/4/18,Arsenal,Stoke,H,1.3,5.5,10
1/4/18,Chelsea,Tottenham,A,2.3,3.2,3.1
7/4/18,Bournemouth,Crystal Palace,D,2.5,3.25,3
7/4/18,Brighton,Huddersfield,D,1.85,3.3,5
7/4/18,Everton,Liverpool,D,4.2,3.6,1.91
7/4/18,Leicester,Newcastle,A,1.95,3.4,4.33
7/4/18,Man City,Man United,A,1.85,3.6,4.33
7/4/18,Stoke,Tottenham,A,11,5,1.33
7/4/18,Watford,Burnley,A,2.38,3.1,3.3
7/4/18,West Brom,Swansea,D,2.4,3.1,3.3
8/4/18,Arsenal,Southampton,H,1.57,4.2,6
8/4/18,Chelsea,West Ham,D,1.29,5.5,12
14/04/2018,Burnley,Leicester,H,2.7,3.1,2.88
14/04/2018,Crystal Palace,Brighton,H,1.91,3.2,4.8
14/04/2018,Huddersfield,Watford,H,2.62,3.1,2.9
14/04/2018,Liverpool,Bournemouth,H,1.25,6,13
14/04/2018,Southampton,Chelsea,A,4.5,3.6,1.83
14/04/2018,Swansea,Everton,D,2.5,3.1,3.1
14/04/2018,Tottenham,Man City,A,2.7,3.3,2.7
15/04/2018,Man United,West Brom,A,1.17,7.5,19
15/04/2018,Newcastle,Arsenal,H,3.3,3.5,2.2
16/04/2018,West Ham,Stoke,D,2,3.3,4.2
17/04/2018,Brighton,Tottenham,D,6.5,4.33,1.53
18/04/2018,Bournemouth,Man United,A,4.8,3.8,1.75
19/04/2018,Burnley,Chelsea,A,4.33,3.4,1.91
19/04/2018,Leicester,Southampton,D,2.38,3.5,3
21/04/2018,Watford,Crystal Palace,D,2.88,3.25,2.6
21/04/2018,West Brom,Liverpool,D,6.5,4.2,1.53
22/04/2018,Arsenal,West Ham,H,1.57,4.5,5.5
22/04/2018,Man City,Swansea,H,1.14,8.5,21
22/04/2018,Stoke,Burnley,D,2.38,3.2,3.25
23/04/2018,Everton,Newcastle,H,2.3,3.2,3.2
28/04/2018,Burnley,Brighton,D,2.2,3.1,3.75
28/04/2018,Crystal Palace,Leicester,H,2.1,3.3,3.75
28/04/2018,Huddersfield,Everton,A,2.62,3.1,2.9
28/04/2018,Liverpool,Stoke,D,1.33,5,10
28/04/2018,Newcastle,West Brom,A,1.91,3.4,4.5
28/04/2018,Southampton,Bournemouth,H,1.73,3.75,5
28/04/2018,Swansea,Chelsea,A,7,4,1.53
29/04/2018,Man United,Arsenal,H,1.44,4.33,8
29/04/2018,West Ham,Man City,A,11,5,1.33
30/04/2018,Tottenham,Watford,H,1.17,7,21
4/5/18,Brighton,Man United,H,4.75,3.5,1.83
5/5/18,Bournemouth,Swansea,H,2.1,3.4,3.6
5/5/18,Everton,Southampton,D,2.88,3.2,2.62
5/5/18,Leicester,West Ham,A,2.3,3.25,3.3
5/5/18,Stoke,Crystal Palace,A,2.7,3.2,2.8
5/5/18,Watford,Newcastle,H,2.4,3.2,3.2
5/5/18,West Brom,Tottenham,H,8.5,4.8,1.4
6/5/18,Arsenal,Burnley,H,1.57,3.75,7
6/5/18,Chelsea,Liverpool,H,2.25,3.3,3.4
6/5/18,Man City,Huddersfield,D,1.11,9,26
8/5/18,Swansea,Southampton,A,3,3.2,2.5
9/5/18,Chelsea,Huddersfield,D,1.17,8,17
9/5/18,Leicester,Arsenal,H,3.6,3.75,2
9/5/18,Man City,Brighton,H,1.12,10,21
9/5/18,Tottenham,Newcastle,H,1.17,8,17
10/5/18,West Ham,Man United,D,4.5,3.8,1.8
13/05/2018,Burnley,Bournemouth,A,2.2,3.3,3.5
13/05/2018,Crystal Palace,West Brom,H,1.75,3.6,5
13/05/2018,Huddersfield,Arsenal,A,5.5,4.2,1.6
13/05/2018,Liverpool,Brighton,H,1.2,6.5,17
13/05/2018,Man United,Watford,H,1.33,5.5,9
13/05/2018,Newcastle,Chelsea,H,6.5,4,1.57
13/05/2018,Southampton,Man City,A,8.5,4.5,1.4
13/05/2018,Swansea,Stoke,A,1.91,3.75,4
13/05/2018,Tottenham,Leicester,H,1.3,6,9
13/05/2018,West Ham,Everton,H,2.4,3.3,3.1
10/8/18,Man United,Leicester,H,1.57,3.8,6
11/8/18,Bournemouth,Cardiff,H,1.91,3.5,4
11/8/18,Fulham,Crystal Palace,A,2.45,3.3,2.8
11/8/18,Huddersfield,Chelsea,A,5.8,3.9,1.57
11/8/18,Newcastle,Tottenham,A,3.8,3.2,2.05
11/8/18,Watford,Brighton,H,2.38,3,3.3
11/8/18,Wolves,Everton,D,2.3,3.2,3.2
12/8/18,Arsenal,Man City,A,3.8,3.8,1.91
12/8/18,Liverpool,West Ham,H,1.25,5.5,12
12/8/18,Southampton,Burnley,D,1.83,3.25,4.8
18/08/2018,Cardiff,Newcastle,D,3.1,3,2.45
18/08/2018,Chelsea,Arsenal,H,1.83,3.75,4
18/08/2018,Everton,Southampton,H,1.91,3.4,4
18/08/2018,Leicester,Wolves,H,2.05,3.4,3.6
18/08/2018,Tottenham,Fulham,H,1.25,6,10
18/08/2018,West Ham,Bournemouth,A,2.05,3.6,3.4
19/08/2018,Brighton,Man United,H,4.8,3.6,1.75
19/08/2018,Burnley,Watford,A,2.38,3,3.25
19/08/2018,Man City,Huddersfield,H,1.06,12,29
20/08/2018,Crystal Palace,Liverpool,A,6,4.75,1.44
25/08/2018,Arsenal,West Ham,H,1.36,5,7.5
25/08/2018,Bournemouth,Everton,D,2.5,3.6,2.62
25/08/2018,Huddersfield,Cardiff,D,2.3,3.1,3.3
25/08/2018,Liverpool,Brighton,H,1.15,8,17
25/08/2018,Southampton,Leicester,A,2.3,3.3,3.1
25/08/2018,Wolves,Man City,D,10,6,1.25
26/08/2018,Fulham,Burnley,H,2,3.25,3.9
26/08/2018,Newcastle,Chelsea,A,5,3.75,1.67
26/08/2018,Watford,Crystal Palace,H,2.5,3.3,2.8
27/08/2018,Man United,Tottenham,A,2.5,3.4,2.7
1/9/18,Brighton,Fulham,D,2.25,3.3,3.2
1/9/18,Chelsea,Bournemouth,H,1.29,5.8,8.5
1/9/18,Crystal Palace,Southampton,A,1.95,3.4,4
1/9/18,Everton,Huddersfield,D,1.5,3.8,7.5
1/9/18,Leicester,Liverpool,A,7,4.75,1.4
1/9/18,Man City,Newcastle,H,1.08,10,26
1/9/18,West Ham,Wolves,A,2.4,3.5,2.8
2/9/18,Burnley,Man United,A,5.5,3.7,1.65
2/9/18,Cardiff,Arsenal,A,5.5,4.33,1.53
2/9/18,Watford,Tottenham,H,5,4.2,1.62
15/09/2018,Bournemouth,Leicester,H,2.38,3.4,2.9
15/09/2018,Chelsea,Cardiff,H,1.17,7,15
15/09/2018,Huddersfield,Crystal Palace,A,3.1,3,2.45
15/09/2018,Man City,Fulham,H,1.12,9,17
15/09/2018,Newcastle,Arsenal,A,3.75,3.7,1.91
15/09/2018,Tottenham,Liverpool,A,2.88,3.5,2.3
15/09/2018,Watford,Man United,A,4,3.4,1.91
16/09/2018,Everton,West Ham,A,2.05,3.6,3.4
16/09/2018,Wolves,Burnley,H,1.75,3.5,4.8
17/09/2018,Southampton,Brighton,D,2.05,3.2,3.75
22/09/2018,Brighton,Tottenham,A,4.4,3.8,1.75
22/09/2018,Burnley,Bournemouth,H,2.8,3.3,2.5
22/09/2018,Cardiff,Man City,A,17,7.5,1.15
22/09/2018,Crystal Palace,Newcastle,D,2.1,3.3,3.5
22/09/2018,Fulham,Watford,D,2.5,3.4,2.75
22/09/2018,Leicester,Huddersfield,H,1.6,3.75,6
22/09/2018,Liverpool,Southampton,H,1.18,7,15
22/09/2018,Man United,Wolves,D,1.57,4.2,5.5
23/09/2018,Arsenal,Everton,H,1.47,4.75,6
23/09/2018,West Ham,Chelsea,D,5,4.2,1.6
29/09/2018,Arsenal,Watford,H,1.44,5,6
29/09/2018,Chelsea,Liverpool,D,2.8,3.5,2.45
29/09/2018,Everton,Fulham,H,1.75,4,4.33
29/09/2018,Huddersfield,Tottenham,A,7,4.4,1.47
29/09/2018,Man City,Brighton,H,1.07,12,29
29/09/2018,Newcastle,Leicester,A,2.55,3.2,2.9
29/09/2018,West Ham,Man United,H,4.2,3.7,1.85
29/09/2018,Wolves,Southampton,H,1.85,3.5,4.5
30/09/2018,Cardiff,Burnley,A,2.55,3.1,3
1/10/18,Bournemouth,Crystal Palace,H,2.25,3.4,3.2
5/10/18,Brighton,West Ham,H,2.62,3.2,2.8
6/10/18,Burnley,Huddersfield,D,2.15,3,4
6/10/18,Crystal Palace,Wolves,A,2.9,3.2,2.55
6/10/18,Leicester,Everton,A,2.2,3.4,3.3
6/10/18,Man United,Newcastle,H,1.47,4.4,7
6/10/18,Tottenham,Cardiff,H,1.25,6,11
6/10/18,Watford,Bournemouth,A,2.15,3.5,3.3
7/10/18,Fulham,Arsenal,A,4.4,4.2,1.7
7/10/18,Liverpool,Man City,D,2.5,3.5,2.75
7/10/18,Southampton,Chelsea,A,5.5,4,1.62
20/10/2018,Bournemouth,Southampton,D,2,3.6,3.6
20/10/2018,Cardiff,Fulham,H,2.4,3.4,2.88
20/10/2018,Chelsea,Man United,D,1.73,3.8,4.6
20/10/2018,Huddersfield,Liverpool,A,11,5,1.32
20/10/2018,Man City,Burnley,H,1.06,13,26
20/10/2018,Newcastle,Brighton,A,2.15,3.2,3.7
20/10/2018,West Ham,Tottenham,A,3.8,3.8,1.91
20/10/2018,Wolves,Watford,A,1.73,3.6,5
21/10/2018,Everton,Crystal Palace,H,1.88,3.5,4.33
22/10/2018,Arsenal,Leicester,H,1.53,4.33,5.8
27/10/2018,Brighton,Wolves,H,3.2,3,2.4
27/10/2018,Fulham,Bournemouth,A,2.75,3.7,2.4
27/10/2018,Leicester,West Ham,D,2.15,3.4,3.5
27/10/2018,Liverpool,Cardiff,H,1.08,11,29
27/10/2018,Southampton,Newcastle,D,2.15,3.25,3.6
27/10/2018,Watford,Huddersfield,H,1.75,3.6,5
28/10/2018,Burnley,Chelsea,A,9.5,4.75,1.36
28/10/2018,Crystal Palace,Arsenal,D,4.2,4.2,1.75
28/10/2018,Man United,Everton,H,1.75,3.8,4.6
29/10/2018,Tottenham,Man City,A,4.4,4.2,1.73
3/11/18,Arsenal,Liverpool,D,3.6,3.7,2
3/11/18,Bournemouth,Man United,A,3.4,3.5,2.1
3/11/18,Cardiff,Leicester,A,3.6,3.3,2.15
3/11/18,Everton,Brighton,H,1.6,3.9,6
3/11/18,Newcastle,Watford,H,2.62,3.25,2.75
3/11/18,West Ham,Burnley,H,1.75,3.7,4.8
3/11/18,Wolves,Tottenham,A,2.9,3.3,2.5
4/11/18,Chelsea,Crystal Palace,H,1.29,6,9.5
4/11/18,Man City,Southampton,H,1.11,10,21
5/11/18,Huddersfield,Fulham,H,2.3,3.4,3.1
10/11/18,Cardiff,Brighton,H,2.55,3.1,3
10/11/18,Crystal Palace,Tottenham,A,4.33,3.6,1.83
10/11/18,Huddersfield,West Ham,D,3.3,3.2,2.3
10/11/18,Leicester,Burnley,D,1.52,4.2,6.5
10/11/18,Newcastle,Bournemouth,H,2.75,3.4,2.55
10/11/18,Southampton,Watford,D,2.5,3.25,2.9
11/11/18,Arsenal,Wolves,D,1.65,4.2,4.75
11/11/18,Chelsea,Everton,D,1.44,5,6.5
11/11/18,Liverpool,Fulham,H,1.1,11,21
11/11/18,Man City,Man United,H,1.38,5,7.5
24/11/2018,Brighton,Leicester,D,2.8,3.2,2.62
24/11/2018,Everton,Cardiff,H,1.42,4.75,7.5
24/11/2018,Fulham,Southampton,H,2.6,3.4,2.7
24/11/2018,Man United,Crystal Palace,D,1.4,4.75,8
24/11/2018,Tottenham,Chelsea,H,2.8,3.4,2.5
24/11/2018,Watford,Liverpool,A,5.5,4.33,1.57
24/11/2018,West Ham,Man City,A,10,6.5,1.25
25/11/2018,Bournemouth,Arsenal,A,3.5,3.8,2
25/11/2018,Wolves,Huddersfield,A,1.47,4,8
26/11/2018,Burnley,Newcastle,A,2.8,3.1,2.7
30/11/2018,Cardiff,Wolves,H,3.75,3.25,2.2
1/12/18,Crystal Palace,Burnley,H,1.6,3.75,6.5
1/12/18,Huddersfield,Brighton,A,2.45,3,3.25
1/12/18,Leicester,Watford,H,2.25,3.25,3.4
1/12/18,Man City,Bournemouth,H,1.1,10,23
1/12/18,Newcastle,West Ham,A,2.45,3.25,3
1/12/18,Southampton,Man United,D,4.2,3.5,1.91
2/12/18,Arsenal,Tottenham,H,2.55,3.5,2.62
2/12/18,Chelsea,Fulham,H,1.17,7.5,17
2/12/18,Liverpool,Everton,H,1.36,5,8.5
4/12/18,Bournemouth,Huddersfield,H,1.67,3.7,5.5
4/12/18,Brighton,Crystal Palace,H,2.9,3.1,2.62
4/12/18,Watford,Man City,A,10,5.5,1.29
4/12/18,West Ham,Cardiff,H,1.62,3.9,5.8
5/12/18,Burnley,Liverpool,A,12,5.5,1.27
5/12/18,Everton,Newcastle,D,1.57,3.8,6.5
5/12/18,Fulham,Leicester,D,2.9,3.4,2.4
5/12/18,Man United,Arsenal,D,2.38,3.5,2.9
5/12/18,Tottenham,Southampton,H,1.36,4.8,9
5/12/18,Wolves,Chelsea,H,4.8,3.7,1.75
8/12/18,Arsenal,Huddersfield,H,1.25,6,12
8/12/18,Bournemouth,Liverpool,A,5.8,4.33,1.55
8/12/18,Burnley,Brighton,H,2.75,3.1,2.75
8/12/18,Cardiff,Southampton,H,2.8,3.25,2.6
8/12/18,Chelsea,Man City,H,3.8,3.7,1.95
8/12/18,Leicester,Tottenham,A,3.75,3.5,2
8/12/18,Man United,Fulham,H,1.35,5,9
8/12/18,West Ham,Crystal Palace,H,2.25,3.3,3.3
9/12/18,Newcastle,Wolves,A,2.9,3.1,2.62
10/12/18,Everton,Watford,D,1.73,3.8,4.8
15/12/2018,Crystal Palace,Leicester,H,2.62,3.1,2.88
15/12/2018,Fulham,West Ham,A,2.9,3.5,2.38
15/12/2018,Huddersfield,Newcastle,A,2.62,3,3
15/12/2018,Man City,Everton,H,1.2,7,13
15/12/2018,Tottenham,Burnley,H,1.15,8,15
15/12/2018,Watford,Cardiff,H,1.6,3.9,6
15/12/2018,Wolves,Bournemouth,H,1.95,3.5,4
16/12/2018,Brighton,Chelsea,A,7,4.33,1.47
16/12/2018,Liverpool,Man United,H,1.52,4.33,6
16/12/2018,Southampton,Arsenal,H,3.9,3.75,1.91
21/12/2018,Wolves,Liverpool,A,6.5,3.9,1.55
22/12/2018,Arsenal,Burnley,H,1.22,6,15
22/12/2018,Bournemouth,Brighton,H,1.91,3.5,4.2
22/12/2018,Cardiff,Man United,A,6,4,1.57
22/12/2018,Chelsea,Leicester,A,1.3,5.25,11
22/12/2018,Huddersfield,Southampton,A,3,3,2.6
22/12/2018,Man City,Crystal Palace,A,1.12,8.5,23
22/12/2018,Newcastle,Fulham,D,1.95,3.5,4
22/12/2018,West Ham,Watford,A,2.3,3.4,3.1
23/12/2018,Everton,Tottenham,A,3.1,3.4,2.3
26/12/2018,Brighton,Arsenal,D,5,3.8,1.7
26/12/2018,Burnley,Everton,A,4.33,3.4,1.91
26/12/2018,Crystal Palace,Cardiff,D,1.63,3.8,5.8
26/12/2018,Fulham,Wolves,D,3.2,3.2,2.35
26/12/2018,Leicester,Man City,H,9.5,5,1.35
26/12/2018,Liverpool,Newcastle,H,1.15,8,17
26/12/2018,Man United,Huddersfield,H,1.22,6.5,13
26/12/2018,Tottenham,Bournemouth,H,1.33,5.25,9
26/12/2018,Watford,Chelsea,A,4.8,3.75,1.73
27/12/2018,Southampton,West Ham,A,2.25,3.4,3.2
29/12/2018,Brighton,Everton,H,3.4,3.3,2.2
29/12/2018,Fulham,Huddersfield,H,2.05,3.2,4
29/12/2018,Leicester,Cardiff,A,1.55,4.2,6
29/12/2018,Liverpool,Arsenal,H,1.47,4.75,6.5
29/12/2018,Tottenham,Wolves,A,1.35,5,9.5
29/12/2018,Watford,Newcastle,D,1.78,3.6,4.75
30/12/2018,Burnley,West Ham,H,3.25,3.4,2.25
30/12/2018,Crystal Palace,Chelsea,A,5,3.8,1.7
30/12/2018,Man United,Bournemouth,H,1.35,5.25,8.5
30/12/2018,Southampton,Man City,A,10,5.5,1.3
1/1/19,Arsenal,Fulham,H,1.32,5.25,9.5
1/1/19,Cardiff,Tottenham,A,7,4.4,1.47
1/1/19,Everton,Leicester,A,2,3.4,3.9
2/1/19,Bournemouth,Watford,D,2.55,3.4,2.75
2/1/19,Chelsea,Southampton,D,1.25,6,12
2/1/19,Huddersfield,Burnley,A,2.1,3.1,4
2/1/19,Newcastle,Man United,A,6,4.2,1.55
2/1/19,West Ham,Brighton,D,1.91,3.6,4
2/1/19,Wolves,Crystal Palace,A,2,3.3,4
3/1/19,Man City,Liverpool,H,2,3.75,3.5
12/1/19,Brighton,Liverpool,A,10,5.5,1.3
12/1/19,Burnley,Fulham,H,2.3,3.2,3.25
12/1/19,Cardiff,Huddersfield,D,2.2,3.1,3.6
12/1/19,Chelsea,Newcastle,H,1.2,7,13
12/1/19,Crystal Palace,Watford,A,2.2,3.3,3.4
12/1/19,Leicester,Southampton,A,1.85,3.5,4.33
12/1/19,West Ham,Arsenal,H,3.4,3.8,2
13/01/2019,Everton,Bournemouth,H,1.75,3.75,4.75
13/01/2019,Tottenham,Man United,A,2,3.6,3.7
14/01/2019,Man City,Wolves,H,1.17,7.5,17
19/01/2019,Arsenal,Chelsea,H,3,3.5,2.3
19/01/2019,Bournemouth,West Ham,H,2.3,3.5,3
19/01/2019,Liverpool,Crystal Palace,H,1.17,7.5,17
19/01/2019,Man United,Brighton,H,1.29,5.5,11
19/01/2019,Newcastle,Cardiff,H,1.95,3.25,4.4
19/01/2019,Southampton,Everton,H,2.62,3.3,2.7
19/01/2019,Watford,Burnley,D,1.62,3.9,5.8
19/01/2019,Wolves,Leicester,H,2.3,3.1,3.4
20/01/2019,Fulham,Tottenham,A,5.5,3.6,1.73
20/01/2019,Huddersfield,Man City,A,19,8,1.14
29/01/2019,Arsenal,Cardiff,H,1.2,6,15
29/01/2019,Fulham,Brighton,H,2.35,3.2,3.2
29/01/2019,Huddersfield,Everton,A,4,3.2,2.05
29/01/2019,Man United,Burnley,D,1.25,5.8,12
29/01/2019,Newcastle,Man City,H,17,6.5,1.18
29/01/2019,Wolves,West Ham,H,2.05,3.4,3.75
30/01/2019,Bournemouth,Chelsea,H,5.5,4,1.62
30/01/2019,Liverpool,Leicester,D,1.22,6.5,13
30/01/2019,Southampton,Crystal Palace,D,2.35,3.3,3.1
30/01/2019,Tottenham,Watford,H,1.62,3.9,5.8
2/2/19,Brighton,Watford,D,2.55,3.2,2.9
2/2/19,Burnley,Southampton,D,2.5,3.3,2.88
2/2/19,Cardiff,Bournemouth,H,3.2,3.4,2.25
2/2/19,Chelsea,Huddersfield,H,1.18,7,17
2/2/19,Crystal Palace,Fulham,H,2,3.5,3.8
2/2/19,Everton,Wolves,A,2.35,3.3,3.1
2/2/19,Tottenham,Newcastle,H,1.42,4.2,9
3/2/19,Leicester,Man United,A,3.6,3.4,2.1
3/2/19,Man City,Arsenal,H,1.29,6,9.5
4/2/19,West Ham,Liverpool,D,8,5,1.38
6/2/19,Everton,Man City,A,10,5.5,1.3
9/2/19,Brighton,Burnley,A,2.05,3.3,4
9/2/19,Crystal Palace,West Ham,D,2.15,3.4,3.6
9/2/19,Fulham,Man United,A,5.5,4.2,1.62
9/2/19,Huddersfield,Arsenal,A,5.8,4.2,1.6
9/2/19,Liverpool,Bournemouth,H,1.2,7,15
9/2/19,Southampton,Cardiff,A,1.75,3.7,5
9/2/19,Watford,Everton,H,2.35,3.4,3.1
10/2/19,Man City,Chelsea,H,1.5,4.4,6.5
10/2/19,Tottenham,Leicester,H,1.7,3.75,5.5
11/2/19,Wolves,Newcastle,D,1.7,3.7,5.5
22/02/2019,Cardiff,Watford,A,3,3.3,2.4
22/02/2019,West Ham,Fulham,H,1.91,3.6,4
23/02/2019,Bournemouth,Wolves,D,2.8,3.25,2.6
23/02/2019,Burnley,Tottenham,H,5.25,3.8,1.67
23/02/2019,Leicester,Crystal Palace,A,2.15,3.3,3.5
23/02/2019,Newcastle,Huddersfield,H,1.78,3.3,5.25
24/02/2019,Arsenal,Southampton,H,1.5,4.33,6.5
24/02/2019,Man United,Liverpool,D,3,3.5,2.3
26/02/2019,Cardiff,Everton,A,3.75,3.25,2.1
26/02/2019,Huddersfield,Wolves,H,5,3.3,1.83
26/02/2019,Leicester,Brighton,H,1.88,3.4,4.4
26/02/2019,Newcastle,Burnley,H,2.1,3.2,3.8
27/02/2019,Arsenal,Bournemouth,H,1.42,4.75,7.5
27/02/2019,Chelsea,Tottenham,H,2.25,3.4,3.2
27/02/2019,Crystal Palace,Man United,A,3.1,3.4,2.3
27/02/2019,Liverpool,Watford,H,1.27,5.5,12
27/02/2019,Man City,West Ham,H,1.14,8,19
27/02/2019,Southampton,Fulham,H,1.91,3.5,4.2
2/3/19,Bournemouth,Man City,A,12,7,1.22
2/3/19,Brighton,Huddersfield,H,1.78,3.6,4.75
2/3/19,Burnley,Crystal Palace,A,2.8,3.2,2.62
2/3/19,Man United,Southampton,H,1.44,4.33,8
2/3/19,Tottenham,Arsenal,D,2,3.6,3.7
2/3/19,West Ham,Newcastle,H,2.1,3.4,3.6
2/3/19,Wolves,Cardiff,H,1.5,4.2,7
3/3/19,Everton,Liverpool,D,5.8,3.9,1.62
3/3/19,Fulham,Chelsea,A,6.5,4.33,1.5
3/3/19,Watford,Leicester,H,2.45,3.3,3
9/3/19,Cardiff,West Ham,H,3.4,3.4,2.15
9/3/19,Crystal Palace,Brighton,A,1.83,3.4,4.75
9/3/19,Huddersfield,Bournemouth,A,3.4,3.2,2.25
9/3/19,Leicester,Fulham,H,1.57,4.2,5.8
9/3/19,Man City,Watford,H,1.14,8,19
9/3/19,Newcastle,Everton,H,2.75,3.1,2.75
9/3/19,Southampton,Tottenham,H,4.2,3.7,1.85
10/3/19,Arsenal,Man United,H,2.38,3.5,2.9
10/3/19,Chelsea,Wolves,D,1.55,4,6.5
10/3/19,Liverpool,Burnley,H,1.15,7.5,19
16/03/2019,Bournemouth,Newcastle,D,2.1,3.3,3.7
16/03/2019,Burnley,Leicester,A,3.1,3.3,2.35
16/03/2019,West Ham,Huddersfield,H,1.55,4,6.5
17/03/2019,Everton,Chelsea,H,4,3.5,1.95
17/03/2019,Fulham,Liverpool,A,13,6,1.24
30/03/2019,Brighton,Southampton,A,2.55,3.1,3
30/03/2019,Burnley,Wolves,H,3.1,3.1,2.45
30/03/2019,Crystal Palace,Huddersfield,H,1.42,4.33,8.5
30/03/2019,Fulham,Man City,A,21,9,1.12
30/03/2019,Leicester,Bournemouth,H,1.8,3.75,4.33
30/03/2019,Man United,Watford,H,1.42,4.75,7.5
30/03/2019,West Ham,Everton,A,2.5,3.4,2.8
31/03/2019,Cardiff,Chelsea,A,8,4.5,1.42
31/03/2019,Liverpool,Tottenham,H,1.6,4,5.8
1/4/19,Arsenal,Newcastle,H,1.36,5,8.5
2/4/19,Watford,Fulham,H,1.73,3.75,4.8
2/4/19,Wolves,Man United,H,4,3.5,1.95
3/4/19,Chelsea,Brighton,H,1.25,5.8,13
3/4/19,Man City,Cardiff,H,1.05,13,46
3/4/19,Tottenham,Crystal Palace,H,1.44,4.6,7
5/4/19,Southampton,Liverpool,A,8.5,4.8,1.36
6/4/19,Bournemouth,Burnley,A,2.05,3.5,3.6
6/4/19,Huddersfield,Leicester,A,5.25,3.7,1.7
6/4/19,Newcastle,Crystal Palace,A,2.5,3.2,3
7/4/19,Everton,Arsenal,H,3,3.5,2.3
8/4/19,Chelsea,West Ham,H,1.3,5.5,10
12/4/19,Leicester,Newcastle,A,1.63,3.75,5.8
13/04/2019,Brighton,Bournemouth,A,2.25,3.3,3.3
13/04/2019,Burnley,Cardiff,H,1.88,3.5,4.33
13/04/2019,Fulham,Everton,H,4.75,3.8,1.73
13/04/2019,Man United,West Ham,H,1.38,5,8
13/04/2019,Southampton,Wolves,H,2.6,3.1,2.9
13/04/2019,Tottenham,Huddersfield,H,1.2,6.5,15
14/04/2019,Crystal Palace,Man City,A,11,5.25,1.3
14/04/2019,Liverpool,Chelsea,H,1.63,4,5.25
15/04/2019,Watford,Arsenal,A,3.1,3.7,2.2
16/04/2019,Brighton,Cardiff,A,2,3.2,4.33
20/04/2019,Bournemouth,Fulham,A,1.65,4.2,5
20/04/2019,Huddersfield,Watford,A,4.4,3.6,1.83
20/04/2019,Man City,Tottenham,H,1.27,6,11
20/04/2019,Newcastle,Southampton,H,2.5,3.1,3.1
20/04/2019,West Ham,Leicester,D,3.1,3.4,2.3
20/04/2019,Wolves,Brighton,D,1.75,3.4,5.5
21/04/2019,Arsenal,Crystal Palace,A,1.52,4.33,6.5
21/04/2019,Cardiff,Liverpool,A,15,6.5,1.2
21/04/2019,Everton,Man United,H,3.2,3.4,2.25
22/04/2019,Chelsea,Burnley,D,1.25,5.8,13
23/04/2019,Tottenham,Brighton,H,1.27,5.5,12
23/04/2019,Watford,Southampton,D,2.25,3.4,3.2
24/04/2019,Man United,Man City,A,7,4.75,1.44
24/04/2019,Wolves,Arsenal,H,2.88,3.4,2.45
26/04/2019,Liverpool,Huddersfield,H,1.05,13,41
27/04/2019,Brighton,Newcastle,D,2.25,3.1,3.5
27/04/2019,Crystal Palace,Everton,D,2.55,3.3,2.8
27/04/2019,Fulham,Cardiff,H,2.3,3.6,3
27/04/2019,Southampton,Bournemouth,D,1.85,3.7,4.2
27/04/2019,Tottenham,West Ham,A,1.42,5,7
27/04/2019,Watford,Wolves,A,2.6,3.2,2.8
28/04/2019,Burnley,Man City,A,21,8.5,1.12
28/04/2019,Leicester,Arsenal,H,2.62,3.6,2.55
28/04/2019,Man United,Chelsea,D,2.62,3.4,2.7
3/5/19,Everton,Burnley,H,1.7,3.9,5.5
4/5/19,Bournemouth,Tottenham,H,4,3.7,1.88
4/5/19,Cardiff,Crystal Palace,A,2.55,3.6,2.62
4/5/19,Newcastle,Liverpool,A,10,5,1.33
4/5/19,West Ham,Southampton,H,2.3,3.6,3
4/5/19,Wolves,Fulham,H,1.53,4,7
5/5/19,Arsenal,Brighton,D,1.4,4.6,8.5
5/5/19,Chelsea,Watford,H,1.38,4.8,8.5
5/5/19,Huddersfield,Man United,D,11,5.25,1.3
6/5/19,Man City,Leicester,H,1.15,8,17
12/5/19,Brighton,Man City,A,19,8,1.14
12/5/19,Burnley,Arsenal,A,3.1,3.7,2.2
12/5/19,Crystal Palace,Bournemouth,H,1.83,4,3.9
12/5/19,Fulham,Newcastle,A,2.5,3.5,2.75
12/5/19,Leicester,Chelsea,D,2.38,3.6,2.88
12/5/19,Liverpool,Wolves,H,1.29,5.5,11
12/5/19,Man United,Cardiff,A,1.25,6.5,10
12/5/19,Southampton,Huddersfield,D,1.4,4.75,8
12/5/19,Tottenham,Everton,D,2.1,3.5,3.5
12/5/19,Watford,West Ham,A,2.2,3.7,3.1
9/8/19,Liverpool,Norwich,H,1.12,8.5,21
10/8/19,West Ham,Man City,A,13,6,1.24
10/8/19,Bournemouth,Sheffield United,D,2,3.5,3.8
10/8/19,Burnley,Southampton,H,2.7,3.2,2.75
10/8/19,Crystal Palace,Everton,D,3.1,3.3,2.35
10/8/19,Watford,Brighton,A,1.95,3.4,4.2
10/8/19,Tottenham,Aston Villa,H,1.29,5.5,10
11/8/19,Leicester,Wolves,D,2.2,3.25,3.5
11/8/19,Newcastle,Arsenal,A,4.5,3.75,1.78
11/8/19,Man United,Chelsea,H,2.15,3.3,3.5
17/08/2019,Arsenal,Burnley,H,1.32,5.25,10
17/08/2019,Aston Villa,Bournemouth,A,2.25,3.5,3.1
17/08/2019,Brighton,West Ham,D,2.5,3.3,2.88
17/08/2019,Everton,Watford,H,1.73,3.8,4.8
17/08/2019,Norwich,Newcastle,H,2.15,3.4,3.4
17/08/2019,Southampton,Liverpool,A,7,4.6,1.44
17/08/2019,Man City,Tottenham,D,1.35,5.25,8.5
18/08/2019,Sheffield United,Crystal Palace,H,2.55,3.2,2.9
18/08/2019,Chelsea,Leicester,D,1.7,3.7,5.25
19/08/2019,Wolves,Man United,D,3.3,3.25,2.3
23/08/2019,Aston Villa,Everton,H,3.1,3.5,2.25
24/08/2019,Norwich,Chelsea,A,4.2,3.9,1.8
24/08/2019,Brighton,Southampton,A,2.4,3.2,3.1
24/08/2019,Man United,Crystal Palace,A,1.33,5,10
24/08/2019,Sheffield United,Leicester,A,3.5,3.2,2.2
24/08/2019,Watford,West Ham,A,2.1,3.5,3.5
24/08/2019,Liverpool,Arsenal,H,1.47,4.75,6.5
25/08/2019,Bournemouth,Man City,A,15,7.5,1.18
25/08/2019,Tottenham,Newcastle,A,1.24,6,13
25/08/2019,Wolves,Burnley,D,1.83,3.4,4.8
31/08/2019,Southampton,Man United,D,3.75,3.3,2.1
31/08/2019,Chelsea,Sheffield United,D,1.35,4.8,9
31/08/2019,Crystal Palace,Aston Villa,H,2.2,3.3,3.4
31/08/2019,Leicester,Bournemouth,H,1.7,3.9,4.8
31/08/2019,Man City,Brighton,H,1.07,11,34
31/08/2019,Newcastle,Watford,D,2.62,3.2,2.8
31/08/2019,West Ham,Norwich,H,1.88,3.8,3.9
31/08/2019,Burnley,Liverpool,A,10,5.25,1.32
1/9/19,Everton,Wolves,H,2.15,3.25,3.6
1/9/19,Arsenal,Tottenham,D,2.35,3.6,2.9
14/09/2019,Liverpool,Newcastle,H,1.14,8,21
14/09/2019,Brighton,Burnley,D,2.15,3.3,3.6
14/09/2019,Man United,Leicester,H,1.95,3.5,4
14/09/2019,Sheffield United,Southampton,A,2.45,3.25,3
14/09/2019,Tottenham,Crystal Palace,H,1.38,4.8,8.5
14/09/2019,Wolves,Chelsea,A,3,3.3,2.4
14/09/2019,Norwich,Man City,H,17,8.5,1.14
15/09/2019,Bournemouth,Everton,H,3,3.4,2.35
15/09/2019,Watford,Arsenal,D,3.6,3.7,2
16/09/2019,Aston Villa,West Ham,D,2.6,3.5,2.62
20/09/2019,Southampton,Bournemouth,A,2.1,3.5,3.5
21/09/2019,Leicester,Tottenham,H,2.8,3.5,2.45
21/09/2019,Burnley,Norwich,H,1.95,3.7,3.7
21/09/2019,Everton,Sheffield United,A,1.65,3.7,5.8
21/09/2019,Man City,Watford,H,1.1,11,21
21/09/2019,Newcastle,Brighton,D,2.45,3.2,3
22/09/2019,Crystal Palace,Wolves,D,2.62,3.1,2.88
22/09/2019,West Ham,Man United,H,3.2,3.6,2.2
22/09/2019,Arsenal,Aston Villa,H,1.4,4.75,8
22/09/2019,Chelsea,Liverpool,A,3.6,3.7,2
28/09/2019,Sheffield United,Liverpool,A,9,5,1.35
28/09/2019,Aston Villa,Burnley,D,2.35,3.3,3.1
28/09/2019,Bournemouth,West Ham,D,2.45,3.5,2.8
28/09/2019,Chelsea,Brighton,H,1.42,4.5,8
28/09/2019,Crystal Palace,Norwich,H,1.91,3.7,3.9
28/09/2019,Tottenham,Southampton,H,1.42,4.5,8
28/09/2019,Wolves,Watford,H,1.85,3.5,4.5
28/09/2019,Everton,Man City,A,10,5.8,1.29
29/09/2019,Leicester,Newcastle,H,1.5,4,7.5
30/09/2019,Man United,Arsenal,D,2.35,3.5,3
5/10/19,Brighton,Tottenham,H,3.9,3.6,1.95
5/10/19,Burnley,Everton,H,2.9,3.25,2.5
5/10/19,Liverpool,Leicester,H,1.44,4.6,7.5
5/10/19,Norwich,Aston Villa,A,2.4,3.6,2.8
5/10/19,Watford,Sheffield United,D,2.1,3.4,3.6
5/10/19,West Ham,Crystal Palace,A,1.95,3.6,3.8
6/10/19,Arsenal,Bournemouth,H,1.44,4.8,7
6/10/19,Man City,Wolves,A,1.11,9,26
6/10/19,Southampton,Chelsea,A,4,3.8,1.85
6/10/19,Newcastle,Man United,H,4.4,3.4,1.88
19/10/2019,Everton,West Ham,H,1.95,3.6,3.8
19/10/2019,Aston Villa,Brighton,H,2.35,3.4,3
19/10/2019,Bournemouth,Norwich,D,1.73,4.2,4.33
19/10/2019,Chelsea,Newcastle,H,1.29,5.5,11
19/10/2019,Leicester,Burnley,H,1.55,4,6.5
19/10/2019,Tottenham,Watford,D,1.4,4.8,8
19/10/2019,Wolves,Southampton,D,1.83,3.5,4.5
19/10/2019,Crystal Palace,Man City,A,13,6.5,1.22
20/10/2019,Man United,Liverpool,D,5.25,4,1.63
21/10/2019,Sheffield United,Arsenal,H,3.8,3.75,1.91
25/10/2019,Southampton,Leicester,A,3.2,3.3,2.3
26/10/2019,Man City,Aston Villa,H,1.07,12,29
26/10/2019,Brighton,Everton,H,2.8,3.3,2.55
26/10/2019,Watford,Bournemouth,D,2.15,3.5,3.3
26/10/2019,West Ham,Sheffield United,D,2.1,3.4,3.6
26/10/2019,Burnley,Chelsea,A,4.6,4,1.73
27/10/2019,Newcastle,Wolves,D,3,3.1,2.55
27/10/2019,Arsenal,Crystal Palace,D,1.47,4.6,6.5
27/10/2019,Liverpool,Tottenham,H,1.52,4.4,6
27/10/2019,Norwich,Man United,A,4.33,3.9,1.78
2/11/19,Bournemouth,Man United,H,3.3,3.5,2.15
2/11/19,Arsenal,Wolves,D,1.75,3.7,4.75
2/11/19,Aston Villa,Liverpool,A,8.5,5.25,1.35
2/11/19,Brighton,Norwich,H,1.65,4.2,4.75
2/11/19,Man City,Southampton,H,1.06,12,36
2/11/19,Sheffield United,Burnley,H,2.25,3.2,3.4
2/11/19,West Ham,Newcastle,A,1.78,3.75,4.5
2/11/19,Watford,Chelsea,A,5,4.2,1.63
3/11/19,Crystal Palace,Leicester,A,3.4,3.4,2.15
3/11/19,Everton,Tottenham,D,2.7,3.5,2.55
8/11/19,Norwich,Watford,A,2.62,3.5,2.6
9/11/19,Chelsea,Crystal Palace,H,1.32,5.25,9.5
9/11/19,Burnley,West Ham,H,2.25,3.5,3.1
9/11/19,Newcastle,Bournemouth,H,2.6,3.2,2.8
9/11/19,Southampton,Everton,A,2.9,3.4,2.45
9/11/19,Tottenham,Sheffield United,D,1.55,4.2,6
9/11/19,Leicester,Arsenal,H,1.95,3.7,3.7
10/11/19,Man United,Brighton,H,1.67,3.6,5.8
10/11/19,Wolves,Aston Villa,H,1.88,3.6,4.2
10/11/19,Liverpool,Man City,H,2.55,3.6,2.62
23/11/2019,West Ham,Tottenham,A,4.2,4.2,1.75
23/11/2019,Arsenal,Southampton,D,1.44,4.75,7
23/11/2019,Bournemouth,Wolves,A,2.8,3.3,2.55
23/11/2019,Brighton,Leicester,A,3.7,3.4,2.05
23/11/2019,Crystal Palace,Liverpool,A,8,4.6,1.42
23/11/2019,Everton,Norwich,A,1.38,4.8,8.5
23/11/2019,Watford,Burnley,A,2.35,3.3,3.1
23/11/2019,Man City,Chelsea,H,1.42,5,7
24/11/2019,Sheffield United,Man United,D,3.6,3.25,2.15
25/11/2019,Aston Villa,Newcastle,H,2.1,3.5,3.5
30/11/2019,Newcastle,Man City,D,15,7.5,1.18
30/11/2019,Burnley,Crystal Palace,A,2.3,3.2,3.3
30/11/2019,Chelsea,West Ham,A,1.29,5.8,10
30/11/2019,Liverpool,Brighton,H,1.2,6.5,15
30/11/2019,Tottenham,Bournemouth,H,1.36,5.25,8
30/11/2019,Southampton,Watford,H,2.1,3.5,3.5
1/12/19,Norwich,Arsenal,D,4.2,4.2,1.75
1/12/19,Wolves,Sheffield United,D,1.91,3.4,4.33
1/12/19,Leicester,Everton,H,1.63,4,5.25
1/12/19,Man United,Aston Villa,D,1.47,4.2,7.5
3/12/19,Crystal Palace,Bournemouth,H,2.25,3.4,3.25
3/12/19,Burnley,Man City,A,12,6.5,1.24
4/12/19,Chelsea,Aston Villa,H,1.27,5.8,11
4/12/19,Leicester,Watford,H,1.33,5,10
4/12/19,Man United,Tottenham,H,2.7,3.4,2.6
4/12/19,Southampton,Norwich,H,1.75,4,4.4
4/12/19,Wolves,West Ham,H,1.75,3.7,4.8
4/12/19,Liverpool,Everton,H,1.36,5,8.5
5/12/19,Sheffield United,Newcastle,A,1.85,3.4,4.6
5/12/19,Arsenal,Brighton,A,1.57,4.2,5.8
7/12/19,Everton,Chelsea,H,3.5,3.75,2
7/12/19,Bournemouth,Liverpool,A,7.5,5,1.4
7/12/19,Tottenham,Burnley,H,1.38,4.75,8.5
7/12/19,Watford,Crystal Palace,D,2.35,3.3,3.1
7/12/19,Man City,Man United,A,1.29,5.5,11
8/12/19,Aston Villa,Leicester,A,4.2,3.9,1.8
8/12/19,Newcastle,Southampton,H,2.6,3.2,2.8
8/12/19,Norwich,Sheffield United,A,2.9,3.5,2.38
8/12/19,Brighton,Wolves,D,2.7,3.1,2.8
9/12/19,West Ham,Arsenal,A,3.4,4.2,1.95
14/12/2019,Liverpool,Watford,H,1.15,7.5,19
14/12/2019,Burnley,Newcastle,H,1.95,3.5,4
14/12/2019,Chelsea,Bournemouth,A,1.24,6.5,12
14/12/2019,Leicester,Norwich,D,1.2,6.5,15
14/12/2019,Sheffield United,Aston Villa,H,1.85,3.7,4.2
14/12/2019,Southampton,West Ham,A,1.91,3.8,3.75
15/12/2019,Man United,Everton,D,1.78,3.6,4.8
15/12/2019,Wolves,Tottenham,A,3.2,3.4,2.25
15/12/2019,Arsenal,Man City,A,6,5.25,1.44
16/12/2019,Crystal Palace,Brighton,D,2.5,3.25,2.9
21/12/2019,Everton,Arsenal,D,2.3,3.7,2.9
21/12/2019,Aston Villa,Southampton,A,2.45,3.5,2.8
21/12/2019,Bournemouth,Burnley,A,2.45,3.4,2.9
21/12/2019,Brighton,Sheffield United,A,2.2,3.2,3.5
21/12/2019,Newcastle,Crystal Palace,H,2.45,3,3.25
21/12/2019,Norwich,Wolves,A,3.7,3.7,1.95
21/12/2019,Man City,Leicester,H,1.36,5.25,8
22/12/2019,Watford,Man United,H,4.4,3.8,1.78
22/12/2019,Tottenham,Chelsea,A,2.35,3.6,2.88
26/12/2019,Tottenham,Brighton,H,1.55,4.33,5.8
26/12/2019,Aston Villa,Norwich,H,2.1,3.7,3.25
26/12/2019,Bournemouth,Arsenal,D,3.5,3.8,2
26/12/2019,Chelsea,Southampton,A,1.35,5,9
26/12/2019,Crystal Palace,West Ham,H,2.3,3.4,3.1
26/12/2019,Everton,Burnley,H,1.7,3.7,5.25
26/12/2019,Sheffield United,Watford,D,1.85,3.5,4.4
26/12/2019,Man United,Newcastle,H,1.33,5.25,9.5
26/12/2019,Leicester,Liverpool,A,3.4,3.6,2.1
27/12/2019,Wolves,Man City,H,8,5,1.38
28/12/2019,Brighton,Bournemouth,H,1.78,3.8,4.4
28/12/2019,Newcastle,Everton,A,3.5,3.3,2.15
28/12/2019,Southampton,Crystal Palace,D,1.95,3.5,4
28/12/2019,Watford,Aston Villa,H,2,3.75,3.6
28/12/2019,Norwich,Tottenham,D,5,4,1.67
28/12/2019,West Ham,Leicester,A,4,3.8,1.85
28/12/2019,Burnley,Man United,A,4.33,3.6,1.83
29/12/2019,Arsenal,Chelsea,A,2.8,3.7,2.35
29/12/2019,Liverpool,Wolves,H,1.27,5.8,11
29/12/2019,Man City,Sheffield United,H,1.18,7.5,15
1/1/20,Brighton,Chelsea,D,3.7,3.6,2
1/1/20,Burnley,Aston Villa,A,1.78,3.8,4.4
1/1/20,Newcastle,Leicester,A,5.25,3.9,1.65
1/1/20,Southampton,Tottenham,H,3.3,3.5,2.15
1/1/20,Watford,Wolves,H,3.2,3.3,2.3
1/1/20,Man City,Everton,H,1.27,6,11
1/1/20,Norwich,Crystal Palace,D,2.55,3.4,2.75
1/1/20,West Ham,Bournemouth,H,1.91,3.8,3.75
1/1/20,Arsenal,Man United,H,2.55,3.6,2.6
2/1/20,Liverpool,Sheffield United,H,1.22,6,15
10/1/20,Sheffield United,West Ham,H,2,3.4,3.9
11/1/20,Crystal Palace,Arsenal,D,4.33,3.8,1.8
11/1/20,Chelsea,Burnley,H,1.29,5.5,11
11/1/20,Everton,Brighton,H,1.75,3.5,4.2
11/1/20,Leicester,Southampton,A,1.63,3.9,5.5
11/1/20,Man United,Norwich,H,1.35,5,9
11/1/20,Wolves,Newcastle,D,1.44,4.2,8.5
11/1/20,Tottenham,Liverpool,A,4.6,4.2,1.7
12/1/20,Bournemouth,Watford,A,2.62,3.3,2.7
12/1/20,Aston Villa,Man City,A,15,8,1.17
18/01/2020,Watford,Tottenham,D,3.1,3.5,2.25
18/01/2020,Arsenal,Sheffield United,D,1.83,3.6,4.4
18/01/2020,Brighton,Aston Villa,D,1.63,4.2,5
18/01/2020,Man City,Crystal Palace,D,1.08,11,29
18/01/2020,Norwich,Bournemouth,H,2.2,3.5,3.2
18/01/2020,Southampton,Wolves,A,2.38,3.3,3.1
18/01/2020,West Ham,Everton,D,3,3.4,2.38
18/01/2020,Newcastle,Chelsea,H,6,4.5,1.52
19/01/2020,Burnley,Leicester,H,4.2,3.7,1.85
19/01/2020,Liverpool,Man United,H,1.35,5,9
21/01/2020,Aston Villa,Watford,H,2.8,3.4,2.5
21/01/2020,Bournemouth,Brighton,H,2.9,3.3,2.5
21/01/2020,Crystal Palace,Southampton,A,2.7,3.2,2.7
21/01/2020,Everton,Newcastle,D,1.57,3.8,6.5
21/01/2020,Sheffield United,Man City,A,7.5,4.75,1.42
21/01/2020,Chelsea,Arsenal,D,1.73,3.9,4.6
22/01/2020,Leicester,West Ham,H,1.52,4.4,6
22/01/2020,Tottenham,Norwich,H,1.4,4.8,8
22/01/2020,Man United,Burnley,A,1.4,4.5,8.5
23/01/2020,Wolves,Liverpool,A,5.8,3.9,1.62
29/01/2020,West Ham,Liverpool,A,9,5.5,1.32
1/2/20,Leicester,Chelsea,D,2.5,3.6,2.7
1/2/20,Bournemouth,Aston Villa,H,2.15,3.5,3.4
1/2/20,Crystal Palace,Sheffield United,A,3.1,3.1,2.5
1/2/20,Liverpool,Southampton,H,1.27,5.8,11
1/2/20,Newcastle,Norwich,D,2.2,3.4,3.3
1/2/20,Watford,Everton,A,2.75,3.25,2.62
1/2/20,West Ham,Brighton,D,2.55,3.3,2.8
1/2/20,Man United,Wolves,D,2.25,3.2,3.4
2/2/20,Burnley,Arsenal,D,3.75,3.5,2
2/2/20,Tottenham,Man City,H,5.8,4.33,1.55
8/2/20,Everton,Crystal Palace,,,,
8/2/20,Brighton,Watford,,,,
9/2/20,Sheffield United,Bournemouth,,,,
9/2/20,Man City,West Ham,,,,
14/2/2020,Wolves,Leicester,,,,
15/2/2020,Southampton,Burnley,,,,
15/2/2020,Norwich,Liverpool,,,,
16/2/2020,Aston Villa,Tottenham,,,,
16/2/2020,Arsenal,Newcastle,,,,
17/2/2020,Chelsea,Man United,,,,
22/2/2020,Chelsea,Tottenham,,,,
22/2/2020,Crystal Palace,Newcastle,,,,
22/2/2020,Burnley,Bournemouth,,,,
22/2/2020,Sheffield United,Brighton,,,,
22/2/2020,Southampton,Aston Villa,,,,
22/2/2020,Leicester,Man City,,,,
23/2/2020,Wolves,Norwich,,,,
23/2/2020,Man United,Watford,,,,
23/2/2020,Arsenal,Everton,,,,
24/2/2020,Liverpool,West Ham,,,,
28/2/2020,Norwich,Leicester,,,,
28/2/2020,Aston Villa,Sheffield United,,,,
29/2/2020,Brighton,Crystal Palace,,,,
29/2/2020,Bournemouth,Chelsea,,,,
29/2/2020,Newcastle,Burnley,,,,
29/2/2020,West Ham,Southampton,,,,
29/2/2020,Watford,Liverpool,,,,
29/2/2020,Man City,Arsenal,,,,
1/3/20,Everton,Man United,,,,
1/3/20,Tottenham,Wolves,,,,
7/3/20,Liverpool,Bournemouth,,,,
7/3/20,Wolves,Brighton,,,,
7/3/20,Arsenal,West Ham,,,,
7/3/20,Southampton,Newcastle,,,,
7/3/20,Sheffield United,Norwich,,,,
7/3/20,Crystal Palace,Watford,,,,
7/3/20,Burnley,Tottenham,,,,
8/3/20,Chelsea,Everton,,,,
8/3/20,Man United,Man City,,,,
9/3/20,Leicester,Aston Villa,,,,
14/3/2020,Watford,Leicester,,,,
14/3/2020,Brighton,Arsenal,,,,
14/3/2020,Norwich,Southampton,,,,
14/3/2020,Newcastle,Sheffield United,,,,
14/3/2020,Man City,Burnley,,,,
14/3/2020,Bournemouth,Crystal Palace,,,,
14/3/2020,Aston Villa,Chelsea,,,,
15/3/2020,West Ham,Wolves,,,,
15/3/2020,Tottenham,Man United,,,,
16/3/2020,Everton,Liverpool,,,,
20/3/2020,Tottenham,West Ham,,,,
21/3/2020,Chelsea,Man City,,,,
21/3/2020,Norwich,Everton,,,,
21/3/2020,Newcastle,Aston Villa,,,,
21/3/2020,Man United,Sheffield United,,,,
21/3/2020,Burnley,Watford,,,,
21/3/2020,Wolves,Bournemouth,,,,
21/3/2020,Liverpool,Crystal Palace,,,,
22/3/2020,Leicester,Brighton,,,,
22/3/2020,Southampton,Arsenal,,,,
4/4/20,Man City,Liverpool,,,,
4/4/20,Aston Villa,Wolves,,,,
4/4/20,Brighton,Man United,,,,
4/4/20,Arsenal,Norwich,,,,
4/4/20,Crystal Palace,Burnley,,,,
4/4/20,Watford,Southampton,,,,
4/4/20,Sheffield United,Tottenham,,,,
4/4/20,Bournemouth,Newcastle,,,,
4/4/20,West Ham,Chelsea,,,,
4/4/20,Everton,Leicester,,,,
11/4/20,Southampton,Man City,,,,
11/4/20,Leicester,Crystal Palace,,,,
11/4/20,Wolves,Arsenal,,,,
11/4/20,Liverpool,Aston Villa,,,,
11/4/20,Newcastle,West Ham,,,,
11/4/20,Burnley,Sheffield United,,,,
11/4/20,Chelsea,Watford,,,,
11/4/20,Norwich,Brighton,,,,
11/4/20,Tottenham,Everton,,,,
11/4/20,Man United,Bournemouth,,,,
18/4/2020,Arsenal,Leicester,,,,
18/4/2020,Brighton,Liverpool,,,,
18/4/2020,Sheffield United,Wolves,,,,
18/4/2020,Everton,Southampton,,,,
18/4/2020,Aston Villa,Man United,,,,
18/4/2020,Man City,Newcastle,,,,
18/4/2020,Bournemouth,Tottenham,,,,
18/4/2020,West Ham,Burnley,,,,
18/4/2020,Watford,Norwich,,,,
18/4/2020,Crystal Palace,Chelsea,,,,
25/4/2020,Man United,Southampton,,,,
25/4/2020,Liverpool,Burnley,,,,
25/4/2020,Wolves,Everton,,,,
25/4/2020,Sheffield United,Chelsea,,,,
25/4/2020,Bournemouth,Leicester,,,,
25/4/2020,Brighton,Man City,,,,
25/4/2020,Watford,Newcastle,,,,
25/4/2020,Norwich,West Ham,,,,
25/4/2020,Tottenham,Arsenal,,,,
25/4/2020,Aston Villa,Crystal Palace,,,,
2/5/20,Everton,Aston Villa,,,,
2/5/20,Chelsea,Norwich,,,,
2/5/20,Southampton,Brighton,,,,
2/5/20,Burnley,Wolves,,,,
2/5/20,Man City,Bournemouth,,,,
2/5/20,Crystal Palace,Man United,,,,
2/5/20,Leicester,Sheffield United,,,,
2/5/20,West Ham,Watford,,,,
2/5/20,Arsenal,Liverpool,,,,
2/5/20,Newcastle,Tottenham,,,,
9/5/20,Tottenham,Leicester,,,,
9/5/20,Bournemouth,Southampton,,,,
9/5/20,Norwich,Burnley,,,,
9/5/20,Aston Villa,Arsenal,,,,
9/5/20,Wolves,Crystal Palace,,,,
9/5/20,Man United,West Ham,,,,
9/5/20,Sheffield United,Everton,,,,
9/5/20,Watford,Man City,,,,
9/5/20,Brighton,Newcastle,,,,
9/5/20,Liverpool,Chelsea,,,,
17/5/2020,Burnley,Brighton,,,,
17/5/2020,Leicester,Man United,,,,
17/5/2020,Chelsea,Wolves,,,,
17/5/2020,Crystal Palace,Tottenham,,,,
17/5/2020,Newcastle,Liverpool,,,,
17/5/2020,West Ham,Aston Villa,,,,
17/5/2020,Man City,Norwich,,,,
17/5/2020,Arsenal,Watford,,,,
17/5/2020,Southampton,Sheffield United,,,,
17/5/2020,Everton,Bournemouth,,,,